Knowledge,Platform,Framework,ProgrammingLanguage,Tool
AGILE,GOOGLE BIGQUERY,TENSORFLOW,SQL,EXCEL
BUSINESS INTELLIGENCE,DATASTUDIO,PYTORCH,PYTHON,TABLEAU
DATA WAREHOUSE,MICROSTRATEGY,KERAS,R,WORD
BUSINESS PROCESS MODELING NOTATION BPMN 2.0,KUBERNETES,SCIKIT LEARN,JAVA,SAS
RESEARCHING,AWS,SPARK,C,GIT
STATISTICAL,GCP,.NET,C#,UNITY
BUSINESS ANALYSIS,AZURE,.NET CORE,C++,UNREAL ENGINE
SOFTWARE DEVELOPMENT PROCESS,LINUX,REACT NATIVE,T-SQL,MICROSOFT SQL SERVER
DATA VISUALIZATION,REDDGATE,HADOOP,PHP,ORACLE DATABASE
DATA MINING,KAFKA,PANDAS,JAVASCRIPT,MYSQL
MACHINE LEARNING,AIRFLOW,REACT,HTML,SSAS
DATA PROCESSING,GOOGLE CLOUD PLATFORM,LARAVEL,CSS,SSIS
ALGORITHMS,S3,VUE.JS,TYPESCRIPT,SSRS
OOP,HIVE,ANGULARJS,HTML5,
DATABASE,GOOGLE ANALYTICS,JQUERY,CSS3,SQL SERVER
PROCESSING DATA,GOOGLE CLOUD,BOOTSTRAP,SASS,MYSQL
SOFTWARE DEVELOPMENT LIFE-CYCLE,AWS,.NET MVC,JSON,POWER BI
MVP,AZURE,CAKEPHP,GRAPHQL,JENKINS
MVVM,APACHE KAFKA,CI,PHP,MONGODB
VIPER,HEROKU,SYMFONY,JAVA,SQLITE
REST API,ANDROID,SPRING,PYTHON,POSTGRESQL
DESIGN PATTERNS,IOS,SPRING BOOT,SCALA,CASSANDRA
OPTIMIZATION TECHNIQUES,WINDOWS,.NET CORE FRAMEWORK,RUBY,REDIS
DEVOPS,LINUX,ENTITY FRAMEWORK CORE,SQL,GIT
SCRUM,GCP,DJANGO,C#,DOCKER
GAME DEVELOPMENT,GOOGLE CLOUD,COCOA TOUCH,UML,GITHUB
ANDROID DEVELOPMENT,BACULA,RXSWIFT,SWIFT,NODE.JS
IOS DEVELOPMENT,BACULA SERVER,RXJAVA,KOTLIN,GITHUB
UI,GOOGLE PLAY,RXANDROID,OBJECTIVE-C,HBASE
OBJECT-ORIENTED PROGRAMMING,SQUARESPACE,FLUTTER,DART,DGRAPH
DATABASE;,WORDPRESS,RUBY ON RAILS,HTML,POSTMAN
DBMS,INSTAGRAM API,GETX,BASH,ELASTICSEARCH
SQL TUNING,NODEJS,BOOTSTRAP,GOLANG,KUBERNETES
DATA MODELING,WEB APPLICATION,JUNIT,NODE.JS,ORACLE
DATABASE DESIGN,PINTEREST,TESTNG,JAVASCRIPT,APACHE SPARK
BACKUP,WORDPRESS CMS,EJS,CSS,XCODE
RECOVERY,PRINTFUL,RUBY ON RAILS,HTML5,ANDROID STUDIO
SECURITY,BLUEHOST,JQUERY,XML,ADOBE XD
RELATIONAL DATABASE,WEB DEVELOPMENT,BOOTSTRAP,VBSCRIPTING,SQLSERVER
PERFOMANCE TUNING,PARSE SDK,SELENIUM WEBDRIVER,RUBY,SELENIUM
DATA INTEGRATIONS,GITHUB,SELENIUM,MYSQL,APPIUM
DATA ANALYSIS,CHROME,WEBDRIVER,EXTENSIBLE MARKUP LANGUAGE,TRELLO
DATA VISUALIZATIONS,CREATIVEMARKET,SELENIUM RC,CSS3,JIRA
ETL/ELT DESIGN,THEMEFOREST,MVC PATTERN,ANGULARJS,CUCUMBER
BIG DATA,MOJOTHEMES,TESTNG,CASCADING STYLE SHEETS,FIGMA
REPORTING,WRAPBOOTSTRAP,ASP.NET,JS,SKETCH
DATA VISUALIZATION,CROWD SOURCING,NET CORE,OBJECTIVE-C,ADOBE PHOTOSHOP
STATISTIC,FIREFOXDRIVER,ENTITY FRAMEWORK CORE,COFFEESCRIPT,ADOBE INDESIGN
BI,CHROMEDRIVER,ASP .NET MVC 5,TRELLO,ADOBE ILLUSTRATOR
AGILE,INTERNETEXPLORERDRIVER,ASP.NET MVC,GHERKIN,CISCO
SCRUM,SAFARIDRIVER,ASP.NET MVC5,LOG4J,JUNIPER
KAIZEN,GOOGLE WEB FONTS,ASP .NET CORE 2.0 MVC,GROOVY,ZABBIX
OBJECT-ORIENTED PROGRAMMING (OOP),JOOMLA,EF CORE 2.0,FLUTTER,DOCKER
MICROSERVICES,MAGNETO,.NET CORE 2.0,XAMARIN,REDIS
SINGLE PAGE APPLICATION,MICROSOFT ADCENTER ANALYTICS,NET CORE 2.0,WPF,NGINX
MVC,KLOUT,EF CORE,MONGODB,GITHUB
MVP,ZK,BOOTSTRAP3,AWS ECS,GITLAB
MVVM,APACHE,EF,AWS ELASTIC CONTAINER SERVICE,GRAFANA
RESTFUL API,FIREBASE,ASP.NET CORE,AWS LAMBDA,PROMETHEUS
WEB MARKUP,GOOGLE DRIVE,ENTITY FRAMEWORK,REST API,LOGSTASH
RESPONSIVE WEB,WEEBLY,BOOTSTRAP4,AWS,KIBANA
USER EXPERIENCE (UX),TUMBLR,ZK,GITHUB,CRON JOB
UX DESIGN,NODE.JS,ANGULAR FORMS,DOCKER,CRONJOB
DESIGN THINKING,GOOGLE CHROME,NGMOCK,AZURE,LINUX
RESTFUL API,ANDROID SDK,ANGULARJS,KUBERNETES,ANDROID
SOLID,STRIPE,ANGULAR,SAAS(SOFTWARE-AS-A-SERVICE),QTP
DOMAIN,HEROKU,J-QUERY,JAVA EE,UFT
BIG DATA,DROPBOX,TWITTER BOOTSTRAP,ANSIBLE,PHOTOSHOP
LAMBDA ACCHITECTURE,AMAZON WEB SERVICES,TWITTER BOOTSTRAP 3,CHEF,ECLIPSE
DESIGN PATTERN,EC2,TWITTER BOOTSTRAPTHE,ANDROID SDK,FIREFOX
CI/CD,AWS EC2,TESTCOMPLETE,GOOGLE PLAY,ANDROID STUDIO
SOFTWARE PRODUCT MANAGEMENT,GOOGLE MAPS,PROTRACTOR,WEBASSEMBLY,WINDOWS
SOFTWARE DEVELOPMENT LIFE CYCLE,GMAIL,VOLLEY,APP STORE,OS X
DEVOPS,NODE JS,HIBERNATE,KICKSTARTER,SELENIUM IDE
RDBMS,AMAZON APPSTORE,WEBJARS,PATREON,ANT
DISTRIBUTED SYSTEM,NEXUS,SPRING SECURITY,MEDIUM,MAVEN
CLOUD COMPUTING,LOLLIPOP APIS,SPRING,SIMMER,AJAXYFIY
CONTAINERS,ANDROID APIS,USE SPRING SECURITY,WORDPRESS,MS SQL SERVER
UNIT TEST,AMAZON S3,SPRING MVC,FIREBASE,PHOTOSHOP CS6
REST API,GOOGLE MAPS API,LOG4J,GITHUB PAGES,DREAMWEAVER
WEB SOCKET,STRIPE API,KICKSTART,FIREBAS,DREAMWEAVER CS6
TEST CASES,GOOGLE ADSENSE,CODEIGNITER,GOOGLE CLOUD,FONT-AWESOME
SOFTWARE TESTING,GOOGLE+,CODEIGNITERS,JAVA DEVELOPMENT KIT,GOOGLE FORMS
SMOKE TESTING,GOOGLE HANGOUTS,UNITY,APACHE,FORMS TOOL
FUNCTIONAL TESTING,SOAPUI,UNIT,APPLE ITUNES,GOOGLE CHROME
USABILITY TESTING,API,CUCUMBER,AZURE SYNAPSE ANALYTICS SERVICE,PHOTOSHOP CS
SECURITY TESTING,SOAPWEB,SELENIUM WEBDRIVERX,AZURE SYNAPSE,ADOBE DREAMWEAVER
PERFORMANCE TESTING,JAVA API,SAUCE LABS,MICROSOFT SYNAPSE ANALYTICS SERVICE,BITRATE VIEWER
REGRESSION TESTING,GITHUB PAGES SERVICE,SELENIUM GRID,AMAZON WEB SERVICES,SORENSON SQUEEZE
COMPLIANCE TESTING,ANDROID LOLLIPOP,REST HYBRID FRAMEWORK,HDFS,HANDBRAKE
EMBEDDED SOFTWARE,GOOGLE CLOUD MESSAGING,AQUERY,HADOOP HIVE,APPLE COMPRESSOR1
MICROPROCESSORS,ANDROID LOLLIPOP APIS,ANDROID GRAPHICS,HADOOP PIG,MEDIAINFO
WATERFALL,GOOGLE GEOFENCES,ACTION BAR SHERLOCK,HADOOP FILE SYSTEM,AUDITION
DATABASE TESTING,GOOGLE SIGN IN,ROBOELECTRIC,SAAS,NEAT VIDEO
MANUAL TESTING,GEOFENCES,ANDROID SUPPORT≠V4,IAAS,PREMIERE PRO
BEHAVIOR-DRIVEN DEVELOPMENT,PALETTE API,ANDROID SOUNDPOOL,ORACLE DATABASE CLOUD,ADOBE MEDIA ENCODER
TEST-DRIVEN DEVELOPMENT,GOOGLE SING IN API,STARTACTUVITYFORRESULT,PAAS,MPEG STREAMCLIP
USER INTERFACE (UI),FACEBOOK API,ONACTIVITYRESULT,ORACLE CLOUD DATABASE,FCPAND X
WIREFRAME,PAYPAL,MYSQL,DBAAS,FCPX
PROTOTYPE,ZOHO,UNREAL ENGINE,GCP,APPLE COMPRESSOR
COLOR,MAILCHIMP,JIRA,GOOGLE CLOUD PLATFORM,POWERPOINT
USER RESEARCH,SAUCELABS,GIT,PIG,TELESTREAM EPISODE
FIREWALL,SERVICIO DE SIMPLE STORAGE,JENKINS,HBASE,IZOTOPE RX3
VPN,VPC,TRAVIS,HIVE,WYSIWYG
EMAIL FILTER,NUBE PRIVADA VIRTUAL,POSTMAN,BIGQUERY,SUBLIME TEXT EDITOR
SEVER,WIX,ANDROID STUDIO,KUBERNETE,SQLITE
DATABASES,PARSE,UNREAL,CLOUD SQL,MATERIAL DESIGN
TCP/IP,GOOGLE≠PLAY≠SERVICES,MICROSOFT SQL SERVER,GCE,CSV DATABASES
VLAN,GOOGLE DIRECTIONS,SSIS,GOOGLE COMPUTE ENGINE,JQUERY
ROUTING,YOUTUBE API,SQL SERVER,REDSHIFT,TRELLO
SWITCHING,PANDAS,SSAS,AZURE STREAM ANALYTICS,JSR9
PROXY,BOOTSTRAP,ORACLE DATABASE,BIG QUERY,TOMCAT
MPLS,ASP.NET CORE MVC,ORACLE DATABASEC,GOOGLE'S CLOUD,A
NETWORK MONITORING,CHART JS,TOAD,GOOGLE CLOUD DATAPROC,LOLLIPOP0
NETWORK TROUBLESHOOTING,ENTITY FRAMEWORK CORE,SQL DEVELOPER,CLOUD DATAPROC,LOLLIPOP
CYBERSECURITY,JQUERY,RMAN,ELASTICSEARCH),QUIZZER
MICROSERVICES,AJAX,LINUX,MAPREDUCE,JENKINS
FAILOVER,ASP.NET,SQLITE,ELASTICSEARCH,LOG4J
LOAD BALANCING,ASP.NET MVC,ZEPPELIN,APACHE PIG,SOAPUI
PAAS,SELENIUM,YARN,MR,SOAP UI PRO
API,SPECFLOW,ZOOKEEPER,APACHEHIVE,SOAP UI
SCRAPING,SPRING BOOT,HUE,SQOOP,SCRIPT ASSERTIONS
PDF,SPRING MVC,OOZIE,PHOENI,GEOFENCING APP
WEB DEVELOPMENT,SPRING,MESOS,PRESTO,ANDROID KITKAT4
DYNAMIC WEBSITE,TDD,QWIKLABS,AMBARI,GRADLE
APIS,XUNIT,QUICK BI,CASSANDRA,MEDIA PLAYER
DOM API,LIBGDX,DATA ANALYSIS,SPARK STREAMING,ECLIPSE ADT
WEBSITE PERFORMANCE,KIVY,BIG DATA,FLINK,GRADE
CRITICAL RENDERING PATH,PYGAME,GOOGLE SHEETS,STORM,ANDROID SUPPORT≠V4
WEB PERFORMANCE,WEBGL,MICROSOFT POWER BI,DRILL,APP DEVELOPMENT
JSON,SOCKET-IO,EXCEL PIVOT TABLES,FLUME,MVVM
SOFTWARE TESTING,SPRITEKIT,POWER PIVOT,KAFKA,MVP
PROGRAMMING,REACT JS,TIDYVERSE,HORTONWORKS,MODEL-VIEW-VIEWMODEL
WEB DESIGN,REACT,GGPLOT2,MICROSOFT AZURE,AUTO SCALING
MOBILE APPLICATIONS DEVELOPMENT,REDUX,DATA VISUALIZATION,CLOUDANT,MICROSERVICES
SOUND EDITING,HADOOP,DATAFRAME,IBM CLOUDANT,PTLC
ANDROID APPS,SPARK,CSV FILES,SAS VIYA,REST API
ANDROID APP,SPARK MLLIB,FACT,SAS,PERFORMANCE TESTING LIFE CYCLE
MOBILE APPLICATION,APACHE SPARK,SCIKIT-LEARN,MAXCOMPUTE,DEVOPS
GRAPHICS EDITING,TENSORFLOW,NUMPY,HADOOP,MICROSERVICE-BASED SYSTEM
ASO,TENSOR FLOW,MATPLOTLIB,GOOGLE EARTH ENGINE,TESTING PYRAMID
WIREFRAMING,SCIPY,IBMS FRAMEWORK,GOOGLE DATA STUDIO,AUTOMATED SOFTWARE TESTING
UI DESIGN,MATPLOTLIB,DJANGO,SPARQL,REST APIS
WIREFRAME,NUMPY,AB TESTING,SCALA,UNITTEST
MOBILE APP,SEABORN,PORTABLE DATA OBJECTS,SPARK,KPIS
MOBILE APPS,SPYDER,PDO,C/C++,SOFTWARE DEVELOPMENT
WEBELEMENT INTERFACE,D3,SHINY,MATPLOTLIB,SDLC
XPATH,D3.JS,RAND,PANDAS,SOFTWARE DEVELOPMENT LIFECYCLE
XPATHS,MYSQL,LEAFLET,VISUAL BASIC,GAME DEVELOPMENT
PARSE WEBSITE,SCIKIT-LEARN,WINFORMS,QUERY LANGUAGES,ANDROID GAME DEVELOPMENT
CLOUD SERVER,SPARK SQL,GOOGLEVIS,GGPLOT2,GAME PROGRAMMING
INTERNET,SPARK GRAPHFRAMES,REQUESTS,nan,GAME ARCHITECTURE
AJAX,SPARK DATAFFRAMES,LIGHTGBM,nan,DESIGN PATTERNS
HTTP,URLLIB2,XGBOOST,nan,OBJECT ORIENTED PROGRAMMING
CONTINUOUS INTEGRATION,BEAUTIFULSOUP,APACHE SPARK,nan,ALGORITHM
DEVELOPMENT PROCESS,SCIKIT LEARN,SPARK SQL,nan,WEB DEVELOPMENT
DRAG AND DROP API,TABLEAU,WOOCOMMERCE,nan,API
TECHNICAL DESCRIPTION,PYSPARK,ROBOGUICE,nan,APPDEVELOPMENT
TEST AUTOMATION,PYSPARK API UTILITY,MS SQL SERVER,nan,VIRTUAL REALITY
CSS SELECTORS,MAPREDUCE,MSSQL,nan,AI
WEBDRIVERWAIT,COREML,SQL SERVER MANAGEMENT STUDIO,nan,ARTIFICIAL INTELLIGENCE
RESPONSIVE SINGLE PAGE,TENSFORFLOW,XAMPP,nan,VIRTUAL REALITY GAMES
RAPID DEVELOPMENT,DATA ANALYSIS,PHPMYADMIN,nan,VR
DOMAIN NAME,CLOUD,VISUAL STUDIO,nan,GAME APP DEVELOPMENT
FTP,DATAFLOW,BABYLONJS,nan,BI
WEBHOSTING,APACHE BEAM,XCODE,nan,DATABASE
WEB HOSTING,JUPYTER NOTEBOOKS,JUPYTER NOTEBOOK,nan,AZURE STORAGE
AJAX CALLS,SAS VIYA,IBM WATSON STUDIO,nan,SYNAPSE DATA WAREHOUSE
IDENTITY SERVER,SAS VISUAL ANALYTICS,WATSON STUDIO,nan,DATA FACTORY
CODE FIRST APPROACH,BIGQUERY,DATABASE,nan,DATA WAREHOUSE
MVVM PATTERN,CATALYST,DBMS,nan,BACKUP AND RESTORE
MVC,TUNGSTEN,RELATIONAL DBMS,nan,BIG DATA ANALYTICS
AUTHORIZATION,IBM COGNOS ANALYTICS,DATA MODEL,nan,AZURE SECURITY
REPOSITORY PATTERN,CLOUDTRAIL,DATABASE MANAGEMENT SYSTEMS,nan,DATA LAKE
RESPONSIVE,AWS QUICKSIGHT,PYCHARM,nan,AZURE MONITORING
AUTHENTICATION,ATHENA,BEAM PORTABILITY,nan,DATA ANALYTICS
DESIGNING DATABASE,CLOUD DATAPREP,POLYBASE,nan,DATA WAREHOUSING
EF DATABASE FIRST,CLOUD SQL,DATASET,nan,SECURITY
DESIGN PATTERN,PIG,STORM,nan,SLOWLY CHANGING DIMENSION (SCD)
CODE FIRST APROACH,DATAPROC,ASYLO,nan,ETL
DEPENDENCY INJECTIONS,GOOGLE DATA STUDIO,CORDOVA,nan,CLOUD COMPUTING
ITERATOR PATTERN,STATSMODELS,PHOTOSHOP,nan,PERFORMANCE MANAGEMENT
MOBILE APPLICATIONS,MICROSOFT AZURE,FIREBASE,nan,MONITORING
RIA,AZURE SYNAPSE ANALYTICS,GITLAB,nan,RECOVERY
RICH INTERNET APPLICATION,AZURE HDINSIGHT,BUGZILLA,nan,ENCRYPTED BACKUPS
RESPONSIVE WEBSITE,AZURE DATABRICKS,VUFORIA,nan,BACKUP
DSL,PENTAHO DATA INTEGRATION,UNITY3D,nan,RAC
SINGLE PAGE APPLICATIONS,UNITY,LIBGDX,nan,NEURAL NETWORK
DOMAIN SPECIFIC LANGUAGE,DATA FACTORY,STENCYL,nan,DEEP LEARNING
DATA VALIDATION,DATABRICKS,SQLSERVER AGENT,nan,BIG DATA
REAL TIME APPLICATION,COMMERCIAL CLOUD,REPORTING SERVICES,nan,MACHINE LEARNING
MVW APPROACH,SPLITS API,TABLEAU,nan,SUPERVISED
SPA,TFDS API,POWER BI,nan,LINEAR REGRESSION
WEB APPLICATION,TENSORFLOW HUB,SSMS,nan,L1 DISTANCE
XHR,TENSORFLOW DATA SERVICES APIS,SQL SERVER( MICROSOFT SQL SERVER),nan,GRADIENT DESCENT
SINGLE PAGE APPLICATION,HORTONWORKS,SQL SERVER INTEGRATION SERVICES,nan,TENSORS
RESPONSIVE DESIGN,QWIKLABS,SQL SERVER MASTER DATA SERVICES,nan,LOGISTIC REGRESSION
SELF-HOSTING,APACHE HIVE,SQL SERVER DATA QUALITY SERVICES,nan,K-NEAREST NEIGHBORS
FRONT-END WEB,GOOGLE CLOUD LABS,SQL SERVER REPORTING SERVICES (SSRS),nan,COMPUTING
FRONT END DEVELOPMENT,CLOUD DATA FUSION,SQL SERVER INTEGRATION SERVICES (SSIS),nan,REGRESSION
WEB DEVLOPMENT,IBM SPSS STATISTICS,MARIADB,nan,K- NEAREST NEIGHBOUR
SEARCH ENGINE OPTIMISATION,GOOGLE,IBM DB2,nan,LOGIT
WEBSITE DESIGN,QUICK BI,POSTGRESQL,nan,NEURAL NETWORKS
AFFILIATE MARKETING,MAXCOMPUTE,MICROSOFT SQL SERVER MANAGEMENT STUDIO,nan,NATURAL LANGUAGE PROCESSING
FRONT-END WEB DEVELOPMENT,CLOUD DATAFLOW,MICROSOFT SQL SERVER CONFIGURATION MANAGER,nan,DATA VISUALIZATION
MOBILE DESIGN AND DEVELOPMENT,CLOUD DATAPROC,SSRS,nan,MODELLING
MOBILE WEB,GOOGLE CLOUD LAB,SQL SERVER ANALYSIS SERVICES (SSAS),nan,STATISTICAL TESTS
RESPONSIVE WEB DESIGN,ALIBABA CLOUD,SSDT,nan,SENTIMENTAL ANALYSIS
MODERN WEB DEVELOPMENT,nan,MASTER DATA SERVICES (MDS),nan,STATISTICS
MOBILE DEVELOPMENT,nan,DATA QUALITY SERVICES ( DQS ),nan,MACHINE LEARNING ALGORITHM
ENCODING CONFIGURATIONS,nan,PGADMIN,nan,BIG DATA ANALYSIS
ENCODING RECIPES,nan,ORACLE DATABASES,nan,DISTRIBUTED LOGS
AUDIO COMPRESSION,nan,AWR,nan,SEARCH ENGINES
CONTAINER FORMATS,nan,ORACLEC DATABASE,nan,TIME-SERIES DATABASES
ENCODING PARAMETERS,nan,ORACLE ENTERPRISE MANAGER,nan,GRAPH DATABASES
STREAMING VIDEO,nan,OEM,nan,RELATIONAL DATABASE SYSTEMS
ASPECT RATIO ISSUES,nan,RDBMS,nan,SQL-ON-HADOOP
DEINTERLACING,nan,ORACLEG,nan,REAL TIME STREAMING SYSTEMS
STREAMING,nan,ORACLEC,nan,RDBMS
H.264,nan,EM EXPRESS,nan,KEY-VALUE STORE
BITRATE CONTROL,nan,V$ VIEWS,nan,WIDE-COLUMNAR STORE
FRAME TYPES,nan,SQLTRACING,nan,NOSQL
WEB APPLICATION DEVELOPMENT,nan,ASH,nan,DOCUMENT-ORIENTED DATABASES
WEB PROGRAMMING,nan,MICROSOFT EXCEL,nan,SQL
E-COMMERCE,nan,MAXQDA,nan,DATA ANALYSIS
EVENT HANDLING,nan,SAP,nan,CONCEPT OF A TENSOR
WEB WORKER API,nan,MATLAB,nan,SERVERLESS ARCHITECTURE
CALLBACKS,nan,R,nan,SERVERLESS DATA ANALYSIS
WEB WORKERS DEVELOPMENT,nan,EXCEL,nan,SERVERLESS
WEB WORKER,nan,MS EXCEL,nan,SUPERVISED LEARNING.
BACKGROUND PROCESSES,nan,EXCEL WORKBOOK,nan,DATA LAKES
CHAT APP DEVELOPMENT,nan,BUSINESS INTELLIGENCE,nan,DATA WAREHOUSES
SOCKETS,nan,EXCELS,nan,RELATIONAL
CHAT APPS,nan,QGIS,nan,CLOUD DATA SERVICES
WORLD WIDE WEB,nan,,nan,CLOUD DATA SERVICE
WEB-SERVICES,nan,QLIKVIEW,nan,ANALYTICS
FRONT-END WEB DESIGN,nan,QLIK,nan,NON-RELATIONAL
LAMP SERVER,nan,LIKVIE,nan,NOSQL DATABASES
DIGITAL GENRE,nan,SAS,nan,BIG DATA PROCESSING
LOCALIZATION,nan,TRIPLE AIM,nan,DATA ENGINEERING
WEBSITE LOCALIZATION,nan,ELASTICSEARCH,nan,PARALLEL PROGRAMMING
DIGITAL GENRES,nan,SPARK MLLIB,nan,RDDS
GLOBALIZATION,nan,MINITAB,nan,DATAFRAMES
WEBSITE LOCALIZATION PROCESS,nan,URLLIB,nan,STREAMING
INTERNATIONALIZATION,nan,nan,nan,RESILIENT DISTRIBUTED DATASETS
LOCALIZATION KIT,nan,nan,nan,NOSQL CLOUD DATABASE
CULTURAL ADAPTATION,nan,nan,nan,GRAPHFRAMES
BUILDING FUNCTIONAL,nan,nan,nan,STATISTICAL PRINCIPLES
MEDIA QUERIES,nan,nan,nan,CHI-SQUARE
MULTIPLE STYLE SHEETS,nan,nan,nan,ANOVA
VARIOUS EXPRESSIONS,nan,nan,nan,PEARSON CORRELATION ANALYSIS
RESPONSIVE WEB LAYOUTS,nan,nan,nan,STATISTICAL TEST
RESPONSIVE DESIGN WORKFLOW,nan,nan,nan,BIG GEOSPATIAL DATA ANALYSIS
ANDROID APP DEVELOPMENT,nan,nan,nan,JUPYTER NOTEBOOKS
RESPONSIVE WEBSITES,nan,nan,nan,JUPYTER
"""HANDS ON"" APPROACH",nan,nan,nan,QGIS
DYNAMIC WEBSITES,nan,nan,nan,POSTGRESQL
HANDS-ON APPROACH,nan,nan,nan,POSTGIS
FRONT END WEB DEVELOPMENT,nan,nan,nan,IOS
RESPONSIVE WEB,nan,nan,nan,MAC
GENERIC WEB DESIGN,nan,nan,nan,MYSQLWORKBENCH
RESPONSIVE WEB DESIGN STRATEGIES,nan,nan,nan,VMWARE
AL,nan,nan,nan,VIRTUALBOX
SOFTWARE ARCHITECTURE,nan,nan,nan,JUPYTER NOTEBOOK
ANDROID PROGRAMMING,nan,nan,nan,WATSON STUDIO
DATA SCRAPING,nan,nan,nan,ARABIC
SCRIPT AUTOMATION,nan,nan,nan,FRENCH
WEB APPLICATIONS,nan,nan,nan,PORTUGUESE (EUROPEAN)
CSV DATABASES,nan,nan,nan,ITALIAN
DATA CLEANING,nan,nan,nan,VIETNAMESE
WEB SCRAPING,nan,nan,nan,GERMAN
SOFTWARE PROJECT MANAGEMENT,nan,nan,nan,RUSSIAN
WEB APPLICATION ARCHITECTURE,nan,nan,nan,ENGLISH
REST SERVICES,nan,nan,nan,SPANISH
MATERIAL DESIGN STYLE,nan,nan,nan,PERSIAN
KHRONOS OPENGL-ES1,nan,nan,nan,COUCH
OPENGL-ES,nan,nan,nan,ORACLE
USER INTERFACE,nan,nan,nan,MONGODB
CONTENT MANAGEMENT SYSTEM,nan,nan,nan,STATA
ECOMMERCE,nan,nan,nan,RSTUDIO
CMS,nan,nan,nan,EXCEL SOLVER
MANAGING WEBSITE CONTENT,nan,nan,nan,VISUAL BASIC EDITOR
PHP,nan,nan,nan,IBM WATSON STUDIO
INTERACTION TESTING,nan,nan,nan,SPREADSHEETS
TDD,nan,nan,nan,ER ASSISTANT
MOCKING,nan,nan,nan,VISUAL PARADIGM
EMBEDDED SOFTWARE,nan,nan,nan,PSQL
XP,nan,nan,nan,R-STUDIO
UNIT TESTS,nan,nan,nan,OMOP
TEST DRIVEN DEVELOPMENT,nan,nan,nan,MIMIC3
SOFTWARE DESIGNS,nan,nan,nan,RAPIDMINER
UNIT TESTING,nan,nan,nan,HIVE
TEST-FIRST THINKING,nan,nan,nan,ECLIPSE IDE
DESIGN PATTERNS,nan,nan,nan,STRUCTURAL ANALYSIS AND DESIGN
SOFTWARE DESIGN AND TESTING,nan,nan,nan,STAAD PRO
AUTOMATION FRAMEWORK DESIGN,nan,nan,nan,STAAD.PRO
WEB UI AUTOMATION,nan,nan,nan,JIRA
CROSS-BROWSER TESTING,nan,nan,nan,WOOCOMMERCE
DATABASE TESTING,nan,nan,nan,FIREWALLS
BEHAVIOR DRIVEN TESTING,nan,nan,nan,CONTROL PANEL'S FILE MANAGER
PERFORMANCE TESTING,nan,nan,nan,CONTROL PANEL'S WEBSITE EDITOR
WEB AUTOMATION,nan,nan,nan,BI LAUNCH PAD
WEBSERVICES TESTING,nan,nan,nan,SAP BUSINESS OBJECTS
WEB SERVICES,nan,nan,nan,JMETER
TESTCASES,nan,nan,nan,APACHE JMETER
WEBSERVICES,nan,nan,nan,GIMP
RESTAPI,nan,nan,nan,RICH TEXT EDITOR
WEBSERVICE,nan,nan,nan,SUBLIME TEXT
API TESTING,nan,nan,nan,CHROME DEVELOPER TOOLS
FRONT END WEB-DEVELOPMENT,nan,nan,nan,WEB ANALYTIC
COMPUTER SCIENCE,nan,nan,nan,MICROSOFT PROJECT13
GOOGLE MAPSAPI,nan,nan,nan,MICROSOFT PROJECT
ANDROID LOLLIPOP APP DEVELOPMENT,nan,nan,nan,NEVADA WORDPRESS
APPLICATION DEVELOPMENT,nan,nan,nan,ADOBE PHOTOSHOP
SEO,nan,nan,nan,LANGUAGE PLUGINS
COMPUTER PROGRAMMING,nan,nan,nan,CPANEL
UNITTEST,nan,nan,nan,BUGZILLA
NOSETESTS,nan,nan,nan,QC
WEBDESIGN,nan,nan,nan,MUSESCORE
FILE CACHE,nan,nan,nan,RABBITMQ
DRAWABLES,nan,nan,nan,AMAUSITEFIVE
MEMORY,nan,nan,nan,AMASUITEFIVE
XML,nan,nan,nan,OBS STUDIO
CANVAS,nan,nan,nan,OPEN BROADCASTER SOFTWARE
ANDROID NATIVE APPLICATION,nan,nan,nan,COREL VIDEO STUDIO
ANDROID APIS,nan,nan,nan,VEGAS PRO
SETUP AND ACCESS THE SHERLOCK EXTENSION,nan,nan,nan,FINAL CUT PRO
ANDROID APPLICATION,nan,nan,nan,IMOVIE
LINKED DATA,nan,nan,nan,ADOBE PREMIERE PRO
SEMANTIC WEB,nan,nan,nan,PINNACLE STUDIO
NUMERICAL SUMMARIES,nan,nan,nan,NAVISWORKS
WEB API,nan,nan,nan,AUTOCAD PLANT
STORYTELLING,nan,nan,nan,AUTOCAD
OPTIMIZATION ALGORITHM,nan,nan,nan,AUTODESK
REGRESSION,nan,nan,nan,REVIT
STATISTICS,nan,nan,nan,AUTOCAD MEP
ANOVA,nan,nan,nan,SMS
CORRELATION ANALYSIS,nan,nan,nan,INFORMATION DESIGN TOOL
DATA SCIENCE,nan,nan,nan,IDT
STATISTICAL THINKING,nan,nan,nan,WEBI
STATISTICAL ANALYSIS,nan,nan,nan,ACCESS10
DESCRIPTIVE STATISTICS,nan,nan,nan,SAP
SPATIAL DATA,nan,nan,nan,WEB INTELLIGENCE
BIG DATA SYSTEMS,nan,nan,nan,PRINCIPLES OF DESIGN
SPATIAL DATA SCIENCE,nan,nan,nan,PRINCIPLES OF WEB DESIGN
GIS,nan,nan,nan,WEB DESIGN
DATA ANALYTICS,nan,nan,nan,ANDROID APP DEVELOPMENT
SPATIAL,nan,nan,nan,ANDROID DEVELOPMENT
SPATIAL BIG DATA,nan,nan,nan,RESTFUL API
DATA PARALLEL,nan,nan,nan,OOP
MAPREDUCE,nan,nan,nan,SCRUM
RELATIONAL DATABASE SYSTEMS,nan,nan,nan,MINIMUM VIABLE PRODUCT
NOSQL DATABASE SYSTEMS,nan,nan,nan,AGILE
DATABASES,nan,nan,nan,SERVICE COMMUNICATION
INFORMATION SYSTEMS,nan,nan,nan,DESIGN DATABASE SCHEMA
DATA STRUCTURES,nan,nan,nan,CONCURRENCY PATTERN
ENCODER,nan,nan,nan,SCALING MICROSERVICES
DECODER,nan,nan,nan,SOFTWARE DESIGN
DEEP LEARNING,nan,nan,nan,MICROSERVICE ARCHITECTURE
PROTOCOLS WEB BROWSERS,nan,nan,nan,TIER-A
REGULAR EXPRESSIONS,nan,nan,nan,DISTRIBUTED SYSTEMS
SAISHRUTHI SWAMINATHAN WORK FOR IBM,nan,nan,nan,CONCURRENCY
CLASSES,nan,nan,nan,RACE CONDITION
OBJECTS,nan,nan,nan,SOFTWARE DEVELOPMENT LIFE CYCLE
FUNCTIONS,nan,nan,nan,SORTING ALGORITHMS
OBJECT ORIENTED,nan,nan,nan,OBJECT-ORIENTED PROGRAMMING
SCIENCE AND ENGINEERING,nan,nan,nan,DATA STRUCTURES
BUSINESS,nan,nan,nan,SOFTWARE TESTING
BIOLOGY,nan,nan,nan,RELATIONAL DATABASE MANAGEMENT SYSTEMS
MATHEMATICS,nan,nan,nan,BEHAVIOR-DRIVEN DEVELOPMENT
VISUALIZATION,nan,nan,nan,TEST-DRIVEN DEVELOPMENT
STATISTIC ANALYSIS,nan,nan,nan,BDD
LITERATURE,nan,nan,nan,UNIT TESTING
SOCIOLOGY AND JOURNALISM,nan,nan,nan,TDD
DATA INTEGRITY,nan,nan,nan,SOLID
GAMBLING,nan,nan,nan,MICROSERVICES ARCHITECTURE
LOGISTIC REGRESSION,nan,nan,nan,DISTRIBUTED SYSTEM
MODELING,nan,nan,nan,MICROSERVICE BASED SYSTEM
DHCP,nan,nan,nan,MICROSERVICE
CYBERSECURITY,nan,nan,nan,AI TEST AUTOMATION
ROUTING,nan,nan,nan,UI TEST AUTOMATION
SWITCHING,nan,nan,nan,DESIGN SOFTWARE
IP ADDRESSING,nan,nan,nan,SOFTWARE DESIGN PATTERNS
NETWORK ADDRESS TRANSLATION,nan,nan,nan,SOFTWARE DEBUGGING
OSI MODELS,nan,nan,nan,APIS
TCP/IP,nan,nan,nan,N TIER
PACKET SNIFFING,nan,nan,nan,SPRING MVC
DNS,nan,nan,nan,DEFECT MANAGEMENT
PROBABILITY DISTRIBUTIONS,nan,nan,nan,REPORTING
PARALLEL CODE,nan,nan,nan,HYBRID AGILE
ML,nan,nan,nan,KANBAN
FINANCIAL MARKET,nan,nan,nan,TEST MANAGEMENT
DATA ANALYTIC,nan,nan,nan,PROJECT MANAGEMENT
MARKDOWN,nan,nan,nan,AGILE SOFTWARE DEVELOPMENT
COMPUTING SKILLS,nan,nan,nan,DATABASE NORMALIZATION
REGEX,nan,nan,nan,RUP
OBJECT-ORIENTED,nan,nan,nan,SPIRAL MODEL
FACTORS,nan,nan,nan,ITERATIVE MODE
HANDLE ERRORS,nan,nan,nan,SOFTWARE DEVELOPMENT PROCESSES
VECTORS,nan,nan,nan,V-MODEL
DATA FRAMES,nan,nan,nan,RATIONAL UNIFIED PROCESS MODEL
LISTS,nan,nan,nan,WATERFALL MODEL
DATA PIPELINES,nan,nan,nan,XP
COMPLIANCE,nan,nan,nan,ITERATIVE MODEL
DATA SECURITY,nan,nan,nan,CLASSIC MODEL
RELATIONAL DATABASES,nan,nan,nan,WATERFALL
DATA WAREHOUSES,nan,nan,nan,UML
NOSQL,nan,nan,nan,UNIFIED MODELING LANGUAGE
GOVERNANCE,nan,nan,nan,OBJECT ORIENTED
HEALTH,nan,nan,nan,TESTINGTYPES
GRAPHICAL,nan,nan,nan,BUG LIFE CYCLE
RMARKDOWN,nan,nan,nan,SOFTWARE DEVELOPMENTLIFE CYCLE
BIG DATA ANALYTIC,nan,nan,nan,BUG REPORT
VISUALIZATIONS,nan,nan,nan,TEST CASE
CALCULATIONS,nan,nan,nan,TESTING TECHNIQUES
BIG DATA ANALYTICS,nan,nan,nan,MANUAL AND AUTOMATION TESTING
LINEAR PROGRAMMING,nan,nan,nan,FUNCTIONAL REQUIREMENTS
CLUSTERING,nan,nan,nan,NON-FUNCTIONAL REQUIREMENTS
PLY THOSE PRINCIPLES TO CREATE EFFECTIVE VISUALIZATIONS. WE THEN EXAMINE FUNDAMENTAL DATA ANALYTIC TOOLS,nan,nan,nan,REQUIREMENTS GATHERING
SUCH AS REGRESS,nan,nan,nan,SOFTWARE DEVELOPMENT ANTIPATTERNS
INTEGRATED DEVELOPMENT ENVIRONMENT,nan,nan,nan,ANTIPATTERNS
VISUAL PERCEPTION PRINCIPLES,nan,nan,nan,OBJECT ORIENTED DESIGN
IDE,nan,nan,nan,LISKOV SUBSTITUTION PRINCIPLE
NOSQL DATABASES,nan,nan,nan,ADAPTER PATTERN
LINEAR ALGEBRA,nan,nan,nan,SOFTWARE ARCHITECTURE
ARTIFICIAL INTELLIGENCE,nan,nan,nan,TEMPLATE PATTERN
CALCULUS,nan,nan,nan,STRUCTURAL DESIGN PATTERNS
SQL,nan,nan,nan,MVC
PROBABILITY,nan,nan,nan,SINGLE RESPONSIBILITY
EDA,nan,nan,nan,DEPENDENCY INVERSION PRINCIPLE
MULTIPLE TESTING,nan,nan,nan,CREATIONAL DESIGN PATTERNS
AI,nan,nan,nan,STRATEGY PATTERN
EXPLORATORY DATA ANALYSIS,nan,nan,nan,INTERFACE SEGREGATION PRINCIPLE
PROBABILITY THEORY,nan,nan,nan,VISITOR PATTERN
SAMPLING,nan,nan,nan,MODEL-VIEW-CONTROLLER
DESIGN THINKING,nan,nan,nan,BUILDER PATTERN
SCIENTIFIC THINKING,nan,nan,nan,FACADE PATTERN
DATA INGESTION,nan,nan,nan,OPEN / CLOSED PRINCIPLE
MARKETING INSIGHTS,nan,nan,nan,FACTORY PATTERN
HANDLING QUERY CACHE,nan,nan,nan,PROTOTYPE PATTERN
TABLE WILDCARDS,nan,nan,nan,BEHAVIORAL DESIGN PATTERNS
DATABASE SYSTEM,nan,nan,nan,SINGLETON PATTERN
TABLE DESIGN,nan,nan,nan,COMMAND PATTERN
ANALYTIC DATABASES,nan,nan,nan,DECORATOR PATTERN
DATA ECOSYSTEM,nan,nan,nan,PRODUCT MANAGEMENT
GRAPHING SYSTEMS,nan,nan,nan,QUALITY ASSURANCE
LATTICE SYSTEM,nan,nan,nan,BEHAVIOUR DRIVEN
BASE PLOTTING SYSTEM,nan,nan,nan,QA PROCESS
HIGH DIMENSIONAL DATA,nan,nan,nan,TESTDRIVEN
ANALYTIC GRAPHICS,nan,nan,nan,WATER FALL MODEL
REQUEST-RESPONSE CYCLE,nan,nan,nan,DEFECT LIFE CYCLE
DATAFRAMES,nan,nan,nan,ASD
PREDICTIVE ANALYTICS,nan,nan,nan,WATERFALL LIFECYCLE
ERDS,nan,nan,nan,AGILE DEVELOPMENT
DATA WAREHOUSING,nan,nan,nan,DSDM
ENTITY RELATIONSHIP DIAGRAMS,nan,nan,nan,SOFTWARE TESTING LIFECYCLE
DATABASE DIAGRAMMING,nan,nan,nan,TEST DRIVEN DEVELOPMENT
COOKIES,nan,nan,nan,AUTOMATED TESTING
MANAGES SESSION,nan,nan,nan,WRITE REQUIREMENTS
WAREHOUSE SCHEMA,nan,nan,nan,UNIT TESTS
MATERIALIZED VIEWS,nan,nan,nan,AUGMENTED REALITY
DIMENSIONAL MODEL,nan,nan,nan,ANDROID GAME PROGRAMMING
OLAP,nan,nan,nan,GUI
ALGORITHM ANALYSIS,nan,nan,nan,DATA STREAM NETWORK
QUEUES,nan,nan,nan,ANDROID GAME
TREESMODULE,nan,nan,nan,ANDROID PROGRAMMING
LINKED LIST,nan,nan,nan,IMAGE ANIMATION
DATA STRUCTURE,nan,nan,nan,BUSINESS INTELLIGENCE (BI)
DYNAMIC ARRAY,nan,nan,nan,EXTRACT
STACKS,nan,nan,nan,TRANSFORM
GRAPH DATA STRUCTURES,nan,nan,nan,AND LOAD (ETL)
PRIORITY QUEUES,nan,nan,nan,DATA TRANSFORMATION
HASH TABLE,nan,nan,nan,DATA MODELING
ALGORITHM,nan,nan,nan,BUSINESS INTELLIGENCE
BINARY TREE,nan,nan,nan,PERFORMANCE REGULARLY
SOFTWARE DEVELOPMENT,nan,nan,nan,DATABASE MIGRATION
LINKED LISTS,nan,nan,nan,RELATIONAL DATABASE MANAGEMENT SYSTEM
TREES,nan,nan,nan,PERFORMANCE TUNING
HASHTABLES,nan,nan,nan,PERFORMANCEREGULARLY
QUANTITATIVE DATA,nan,nan,nan,RELATIONAL DATABASES
DESIGN CONCEPTS,nan,nan,nan,MAINTENANCE
DATA ANALYSTS,nan,nan,nan,MONITOR DATABASES
TEST HYPOTHESIS,nan,nan,nan,DATA STORAGE
K-MEANS ALGORITHM,nan,nan,nan,NON-SQL
DATA CLUSTERING,nan,nan,nan,NOT-ONLY-SQL
DATA FLOW MODELS,nan,nan,nan,DATABASE MANAGEMENT
PARALLEL DATABASES,nan,nan,nan,FTP
PARALLEL QUERY PROCESSING,nan,nan,nan,DIMENSIONAL MODELING
DISTRIBUTED SYSTEMS,nan,nan,nan,OLTP DATABASE
KEY-VALUE,nan,nan,nan,NAIVE BAYES
ECOSYSTEM OF ALGORITHMS,nan,nan,nan,DATA MINING
LARGE-SCALE ANALYTICS,nan,nan,nan,SEQUENCE CLUSTERING
IN-DATABASE ANALYTICS,nan,nan,nan,DATA MART
NOSQL SYSTEMS,nan,nan,nan,DATA SCHEMA
RELATIONAL ALGEBRA,nan,nan,nan,TABULAR OLAP DATABASE
VECTOR NOTATION,nan,nan,nan,TIME SERIES
MEDIAN,nan,nan,nan,DECISION TREES
MODE,nan,nan,nan,CLUSTERING
MEAN,nan,nan,nan,MULTIDIMENSIONAL OLAP DATABASE
MACHINE INTELLIGENCE,nan,nan,nan,DATA MODEL
OVERFITTING,nan,nan,nan,LOGICAL AND PHYSICAL DESIGN
MITIGATION MEASURES,nan,nan,nan,DATABASE DESIGN
INTERNE,nan,nan,nan,ER DIAGRAM
REST APIS,nan,nan,nan,DATABASE CONSTRAINTS
COMPUTATIONAL THINKING,nan,nan,nan,RDBMS VS. NOSQL
DATA STORAGE SYSTEMS,nan,nan,nan,RELATIONAL DATABASE DESIGN
RECORD LINKAGE,nan,nan,nan,DATA NORMALIZATION
STATISTICAL MATCHING,nan,nan,nan,RELATIONAL THEORY
LOGISTIC REGRESSIONS,nan,nan,nan,DATABASES
DATA AGGREGATION,nan,nan,nan,DATABASE INTEGRITY
SUMMARIZATION,nan,nan,nan,ONLINE ANALYTICS PROCESSING
DATA REPRESENTATION,nan,nan,nan,OLAP
TEST HYPOTHESES,nan,nan,nan,OLTP
CHI-SQUARE,nan,nan,nan,ONLINE TRANSACTION PROCESSING
STATISTICAL TESTS,nan,nan,nan,DATABASE BACKUP AND RESTORE
PEARSON CORRELATION ANALYSIS,nan,nan,nan,SECURING DATABASE
NEURAL NETWORKS,nan,nan,nan,ENTITY RELATIONSHIP DIAGRAM
RANDOM FOREST,nan,nan,nan,SCALING AND REPLICATION
K-NN,nan,nan,nan,QUERY OPTIMIZATION
SALESÍ FORECASTING,nan,nan,nan,DATABASE MANAGEMENT SYSTEMS
COMPUTER VISION,nan,nan,nan,DATABASE CLUSTERS
GRADIENT BOOSTING,nan,nan,nan,LOGICAL REPLICATION
MARKETING,nan,nan,nan,TABLESPACE
LINEAR MODELS,nan,nan,nan,TABLE INHERITANCE
UNDERFITTING,nan,nan,nan,PHYSICAL BACKUP
PREDICTIVE ALGORITHM,nan,nan,nan,QUERY EXECUTION COST
NATURAL LANGUAGE PROCESSING,nan,nan,nan,TABLE PARTITIONING
INSURANCE,nan,nan,nan,CONTINUOUS ARCHIVING
CREDIT,nan,nan,nan,DATA FRAGMENTATION
DATA ENGINEERING,nan,nan,nan,ORACLE MIGRATION
CLOUD COMPUTING,nan,nan,nan,NON-RAC
CLOUD-NATIVE,nan,nan,nan,RMAN
SERVERLESS,nan,nan,nan,CDB
ARTICULATE,nan,nan,nan,PDB
DATA MODELS,nan,nan,nan,MONITOR
CLINICAL CARE,nan,nan,nan,BACKUP AND RECOVERY
CLINICAL DATA MODELS,nan,nan,nan,MONITORING PERFORMANCE
COMMON DATA MODEL,nan,nan,nan,ORACLE RAC
ENTITY-RELATIONSHIP DIAGRAMS,nan,nan,nan,DATABASE UPGRADE
COMMON DATA MODELS,nan,nan,nan,REAL-TIME DATABASE UPGRADE
CLINICAL DATA MODEL,nan,nan,nan,PERFORMANCE
INTEGRATION,nan,nan,nan,PHYSICAL DESIGN
MULTIDIMENSIONAL DESIGN,nan,nan,nan,RESOURCE UTILIZATION
PREDICTIVE ANALYSIS,nan,nan,nan,DATABASE EXECUTION
ANALYTICAL INFORMATION SYSTEMS,nan,nan,nan,OPTIMIZING STORAGE
HDFS,nan,nan,nan,DATABASE PERFORMANCE
DESCRIPTIVE ANALYSIS,nan,nan,nan,STORAGE
OLTP SYSTEM,nan,nan,nan,INCREMENTAL BACKUP
MAP-REDUCE,nan,nan,nan,ORACLE BACKUP
ANALYTICAL BUSINESS REQUIREMENTS,nan,nan,nan,DATA MANAGEMENT
DATA-WAREHOUSE,nan,nan,nan,RELATIONAL MODELING
STREAMING DATA,nan,nan,nan,RELATIONAL DATABASE
NOSQL STORAGE,nan,nan,nan,CONCEPTUAL DESIGN
STATIC DISTRIBUTED,nan,nan,nan,DATABASE SCHEMA
MANAGING DATABASE HARDWARE,nan,nan,nan,DATABASE MANAGEMENT SYSTEM (DBMS)
DATAFRAME,nan,nan,nan,ER MODEL
AD-HOC,nan,nan,nan,DATABASE ARCHITECTURE
DATAFFRAMES,nan,nan,nan,TRANSACTION MANAGEMENT
BIG DATA WORKFLOW,nan,nan,nan,DATABASE SYSTEMS
GRAPHFRAMES,nan,nan,nan,DBMS
T-TESTS,nan,nan,nan,DATABASE BACKUP AND RECOVERY
CSV,nan,nan,nan,AUDITING
LAMBDAS,nan,nan,nan,AUTHORIZATION
DISTRIBUTIONS,nan,nan,nan,AUTHENTICATION
DATA PROTECTION,nan,nan,nan,PRIMARY KEY
VIRTUAL MACHINES,nan,nan,nan,FLAT FILE DATABASE
BACKUP SYSTEM,nan,nan,nan,HIERARCHICAL DATABASE
GRAPHICAL INTERFACES,nan,nan,nan,FOREIGN KEY
BACKUP STRATEGIES,nan,nan,nan,CLIENT SERVER COMPUTING
MAIL SERVERS,nan,nan,nan,REPLICATION
BACKUP POLICIES,nan,nan,nan,BUSINESS-TO-BUSINESS INTEGRATION
BACKUP THEORY,nan,nan,nan,DATA PROPAGATION
DATA COMPRESSION,nan,nan,nan,BUSINESS-TO-BUSINESS (B2B) INTEGRATION
STEEL STRUCTURE,nan,nan,nan,WEBHOOKS
CONCRETE STRUCTURE,nan,nan,nan,STREAMING DATA
STARE CASE,nan,nan,nan,SOAP
TESTING,nan,nan,nan,DATA INTEGRATION
MANUAL TESTING,nan,nan,nan,EXTRACT-TRANSFORM-LOAD (ETL)
AUTOMATION TESTING,nan,nan,nan,APPLICATION INTEGRATION
TESTING METHODOLOGIES,nan,nan,nan,DATABASE INTEGRATION
MANUAL,nan,nan,nan,HTTP
REGRESSION TESTING,nan,nan,nan,ORACLE DATABASE ARCHITECTURE
USEFUL PATTERNS,nan,nan,nan,MEMORY STRUCTURES
SOFTWARE LIFECYCLE,nan,nan,nan,STORAGE STRUCTURES
ARCHITECTURE DESIGN PROCESS,nan,nan,nan,BACKUP/RECOVERY
NON-FUNCTIONAL REQUIREMENTS,nan,nan,nan,DATABASE OBJECTS
BUSINESS REQUIREMENTS,nan,nan,nan,RELATIONAL DATABASE MANAGEMENT SYSTEMS (RDBMS)
UML MODELLING,nan,nan,nan,ORACLE PERFORMANCE STATISTICS
ENTERPRISE ARCHITECTURE,nan,nan,nan,DATABASE REPLAY
ARCHITECTURE PATTERNS,nan,nan,nan,SQL PERFORMANCE ANALYZER
FUNCTIONAL,nan,nan,nan,ETHERNET SWITCHES
BLOGGING,nan,nan,nan,STORAGE GRID
PENETRATION TESTING,nan,nan,nan,DATABASE GRID
INFORMATION SECURITY,nan,nan,nan,DATA ENGINEERING LIFECYCLE
NETWORK SECURITY,nan,nan,nan,DATA SECURITY
WEB SECURITY,nan,nan,nan,GOVERNANCE
DOMAIN NAMES,nan,nan,nan,COMPLIANCE
WEB INTELLIGENCE,nan,nan,nan,DATA PIPELINE
SOFTWARE PERFORMANCE TESTING,nan,nan,nan,UNSUPERVISED LEARNING
HTTP REQUESTS,nan,nan,nan,SUPERVISED LEARNING
WEB GRAPHIC,nan,nan,nan,GRAPH THEORY
WEB GRAPHICS,nan,nan,nan,GRAPHFRAME
SVG FORMAT,nan,nan,nan,SERVERLESS COMPUTING
S.M.A.R.T OBJECTIVES,nan,nan,nan,TESTING
A/B TESTS,nan,nan,nan,DATA WRANGLING
COMMON COMMANDS,nan,nan,nan,DATA CLEANSING
BACKUP SYSTEMS,nan,nan,nan,CLASSIFICATION MODEL
CODE MANAGEMENT SYSTEM,nan,nan,nan,HYPERPARAMETER
SOURCE CONTROL,nan,nan,nan,EVALUATION
COMMAND LINE,nan,nan,nan,RANDOM FOREST
SOURCE CODE CONTROL,nan,nan,nan,XGBOOST
VERSION CONTROL,nan,nan,nan,PROBABILITY DISTRIBUTIONS
VIRTUAL ASSISTANTS,nan,nan,nan,ENSEMBLE MODELING
VIRTUAL ASSISTANT,nan,nan,nan,CROSS VALIDATION
WEB-TECHNOLOGY,nan,nan,nan,DATA VISUALIZATIONS
WEB TECHNOLOGY,nan,nan,nan,LINEAR ALGEBRA
WEB ANALYTICS,nan,nan,nan,PROBABILITY THEORY
WEB SITE TRAFFIC,nan,nan,nan,DATA INGESTION
AFFILIATE,nan,nan,nan,DESCRIPTIVE AND INFERENTIAL STATISTICAL
WEB-BASED ANALYTICS,nan,nan,nan,BIG DATA ENGINES
REFERRAL MARKETING,nan,nan,nan,NOSQL DATA STORES
HOSTING,nan,nan,nan,DATA PIPELINES
SITE ADDRESS,nan,nan,nan,DATA REPOSITORIES
VIRTUAL HOSTS,nan,nan,nan,BIG DATA PLATFORMS
LOGGING,nan,nan,nan,ETL PROCESS
TROUBLESHOOTING,nan,nan,nan,QUALITATIVE RESEARCH
LINUX ADMINISTRATION,nan,nan,nan,QUALITATIVE DATA ANALYSIS
DIRECTORY STRUCTURE,nan,nan,nan,CLOUD
ALIASES AND REDIRECTING,nan,nan,nan,PROBABILITY
WEB SERVERS,nan,nan,nan,CALCULUS
WEB SERVER ADMINISTRATION,nan,nan,nan,PROBABILITY DISTRIBUTION
WEB SERVER,nan,nan,nan,STANDARD DEVIATION
HTTP PROTOCOL,nan,nan,nan,AVERAGES
PERFORMANCE,nan,nan,nan,CURVE FITTING
WEBSERVER ADMINISTRATION,nan,nan,nan,HISTOGRAMS
ANDROID APP REVERSING,nan,nan,nan,INTERPOLATION
MALWARE ANALYSIS,nan,nan,nan,BASE PLOTTING SYSTEM
WIRELESS SECURITY,nan,nan,nan,LATTICE SYSTEM
ANDROID HACKING,nan,nan,nan,ANALYTIC GRAPHIC
ANDROID APPLICATION PENTESTING,nan,nan,nan,DATA QUALITY
ANDROID SECURITY,nan,nan,nan,ANALYSIS
ANDROID SECURITY MODEL,nan,nan,nan,AB TESTING
FORENSICS,nan,nan,nan,DATA GROUPING
EXPLOITATION,nan,nan,nan,CORRELATION STATISTICS
ANDROID MOBILE APPLICATIONS,nan,nan,nan,DESCRIPTIVE STATISTICS
REVERSING ANDROID APPLICATIONS,nan,nan,nan,DATA FRAMES
ANDROID ARCHITECTURE,nan,nan,nan,DATA AGGREGATION
ANDROID MALWARE,nan,nan,nan,SUMMARIZATION
WEB TECHNOLOGIES,nan,nan,nan,DATA REPRESENTATION
WEBSITE CREATION,nan,nan,nan,DESCRIPTIVE STATISTIC
CUSTOMIZATION MODULE,nan,nan,nan,DATA ANALYTICS.
WEBSITE NAVIGATION,nan,nan,nan,GIS ANALYSIS
WEB DESIGNER,nan,nan,nan,SPATIAL DATA
INTERNET AND WEB SYSTEMS,nan,nan,nan,SPATIAL DATA ANALYSIS
WAS,nan,nan,nan,BUBBLE
APPLICATION SECURITY,nan,nan,nan,BINARY TREE
WEB APPLICATION SECURITY,nan,nan,nan,QUEUE
SEARCH RANKINGS,nan,nan,nan,LINEAR SEARCH
NETWORK ADMINISTRATION,nan,nan,nan,HEAP
TEST MANAGEMENT,nan,nan,nan,DYNAMIC ARRAY
SOFTWARE TRAINING,nan,nan,nan,BIG-O
SOFTWARE ARCHITECTURE AND DESIGN,nan,nan,nan,DYNAMIC PROGRAMMING
SELLING PHYSICAL PRODUCTS,nan,nan,nan,A* ALGORITHM
SOFTWARE QA,nan,nan,nan,DFS
ANDROID GAME,nan,nan,nan,STACK
APP DEVELOPMENT,nan,nan,nan,SEARCHING ALGORITHM
ENGLISH,nan,nan,nan,BINARY SEARCH
ANDROID APPLICATIONS,nan,nan,nan,SORTING
HACKING,nan,nan,nan,SEARCHING
IOS APP,nan,nan,nan,ANDGRAPH ALGORITHM
PENTESTING,nan,nan,nan,SORTING ALGORITHM
MOBILE PENETRATION TESTING,nan,nan,nan,MERGE
PENETRATION TESTING COURSE,nan,nan,nan,BFS
PENETRATION,nan,nan,nan,DIJKSTRA'S ALGORITHM
ANDROID MOBILE APPS,nan,nan,nan,SHORTEST PATH
PENETRAION TESTING,nan,nan,nan,QUICK SORT
ANDROID APP SECURITY,nan,nan,nan,NEAREST NEIGHBOR
FULL FLEDGED GRAPHICS,nan,nan,nan,DATA STRUCTURE AND ALGORITHMS
DOMAINS,nan,nan,nan,LINKED LIST
APP STORE SEARCH OPTIMIZATION,nan,nan,nan,DATA STRUCTURE
SEARCH ENGINE OPTIMIZATION,nan,nan,nan,GRAPH ALGORITHM
DATAMINING,nan,nan,nan,HASH-TABLE
NON-PARAMETRIC,nan,nan,nan,REGRESSION ANALYSIS
KERNELS,nan,nan,nan,PRINCIPAL COMPONENT ANALYSIS
BIAS/VARIANCE THEORY,nan,nan,nan,TEXT ANALYSIS
DIMENSIONALITY REDUCTION,nan,nan,nan,KERNEL DENSITY ESTIMATION
RECOMMENDER SYSTEMS,nan,nan,nan,NAÔVE BAYES CLASSIFICATION
INNOVATION PROCESS,nan,nan,nan,HYPOTHESIS TESTING
STATISTICAL PATTERN RECOGNITION,nan,nan,nan,VISUALIZATION
SUPPORT VECTOR MACHINES,nan,nan,nan,DATA ANALYSIS AND VISUALIZATION
PARAMETRIC,nan,nan,nan,MACHINE-LEARNING ALGORITHM
VECTOR DATA,nan,nan,nan,DASHBOARD REPORTING
NEURAL NETWORK,nan,nan,nan,EXCEL ANALYSIS
ANALYTIC MINDSET,nan,nan,nan,STATISTICAL DATA ANALYSIS
SUMMARY STATISTICS,nan,nan,nan,STATISTICAL ANALYSIS
DATA ANALYTIC QUESTIONS,nan,nan,nan,KEY PERFORMANCE INDICATOR
HYPOTHESIS TESTS,nan,nan,nan,DATA ANALYSIS AND STATISTICS
LINEAR MODELING,nan,nan,nan,DATA VISUALIZATION & ANALYSIS
DATA QUERIES,nan,nan,nan,DATA MANIPULATION AND ANALYSIS
HEALTHCARE,nan,nan,nan,PYTHONÍS LAMBDA SYNTAX
DATA QUESTIONS,nan,nan,nan,RDD
HTTPS,nan,nan,nan,RDD METHOD
IMPACTS OF COMPUTING,nan,nan,nan,MACHINE/DEEP LEARNING
CUSTOM ADS,nan,nan,nan,DATA SCIENCE
DATA AND ANALYSIS,nan,nan,nan,TIME SERIES DATA ANALYSIS
PERSONALIZATION OF WEB PAGES,nan,nan,nan,SCATTER-PLOTS
NETWORKS AND THE INTERNET,nan,nan,nan,IMAGE RECOGNITION
CRYPTOGRAPHY,nan,nan,nan,DATA EXPLORATION
INTERNET PRIVACY,nan,nan,nan,DATA MANIPULATION
UNSUPERVISED LEARNING,nan,nan,nan,DATA HANDLING
SPEECH RECOGNITION,nan,nan,nan,MANIPULATION
WEB VS INTERNET,nan,nan,nan,DATA SCIENCE ALGORITHM
SUPERVISED,nan,nan,nan,TEXT ANALYTICS
IMPACT OF COMPUTING,nan,nan,nan,ANALYTIC
DEEP AND DARK WEB,nan,nan,nan,MODELBUILDER
TECHNOLOGIES AND COMPUTING,nan,nan,nan,SAS DATA STUDIO
TECHNOLOGY AND COMPUTING,nan,nan,nan,SAS VISUAL ANALYTICS
TOTAL SURVEY ERROR,nan,nan,nan,MAXQDA
MOMENTS ESTIMATION,nan,nan,nan,SAPIQ
MAXIMUM LIKELIHOOD,nan,nan,nan,CASSANDRA
CLASSIFICATION,nan,nan,nan,NEO4J
APPLICATION PROGRAMMING INTERFACE (API),nan,nan,nan,IBM CLOUDANT
CORRELATION,nan,nan,nan,DB2
BIG DATA SYSTEM,nan,nan,nan,HBASE
CRYPTOGRAPHIC,nan,nan,nan,GEOCODING
SECURE MULTIPARTY COMPUTATION,nan,nan,nan,HIERARCHICAL
ANONYMIZATION,nan,nan,nan,STATISTICAL INFERENCE
HOMOMORPHIC ENCRYPTION,nan,nan,nan,STATISTICAL MODELS
K-ANONYMITY,nan,nan,nan,BAYESIAN INFERENCE
GDPR,nan,nan,nan,LINEAR MODELS
PSEUDONYMIZATION,nan,nan,nan,STATISTICAL
PRIVACY RISKS,nan,nan,nan,MIXED EFFECTS
DIFFERENTIAL PRIVACY,nan,nan,nan,OGISTIC REGRESSION
DATABASE ADMINISTRATION,nan,nan,nan,STATISTICAL MODELING
DATA ANALYSES,nan,nan,nan,SPREADSHEET
FOCUS GROUP DISCUSSIONS,nan,nan,nan,MATLAB
INTERVIEWS,nan,nan,nan,SLICERS
OBSERVATION,nan,nan,nan,MACROS
GROUP DISCUSSIONS,nan,nan,nan,MICROSOFT EXCEL 2010
ARABIC,nan,nan,nan,DYNAMODB
FRENCH,nan,nan,nan,BASE
PORTUGUESE (EUROPEAN),nan,nan,nan,ACID
CHINESE (SIMPLIFIED),nan,nan,nan,TABLEAU PUBLIC
ITALIAN,nan,nan,nan,WORKBENCH
VIETNAMESE,nan,nan,nan,LEAN SIX SIGMA
KOREAN,nan,nan,nan,APACHE IMPALA
GERMAN,nan,nan,nan,HP VERTICA
RUSSIAN,nan,nan,nan,ASTERIXDB
SPANISH,nan,nan,nan,IMPALA
POTENTIAL RISKS OF BIAS,nan,nan,nan,CLOUDERA VM
FAIR INFORMATION PRINCIPLES,nan,nan,nan,KNIME
BUSINESS ANALYTICS,nan,nan,nan,SPLUNK
GRAPH,nan,nan,nan,OPEN OFFICE
DENORMALIZATION,nan,nan,nan,GEPHI
NOSQL DATABASE,nan,nan,nan,UBUNTU
COLUMNAR,nan,nan,nan,CENTOS
DOCUMENT,nan,nan,nan,MAC OS
ATOMIC AGGREGATES,nan,nan,nan,IBM WATSON
DIGITAL AGE PRIVACY,nan,nan,nan,GOOGLE MAPS
GOVERNMENT,nan,nan,nan,nan
EDUCATIONAL ATTAINMENT,nan,nan,nan,nan
ENTERPRISE SCHEMAS,nan,nan,nan,nan
SYSTEMÍS LIFECYCLE,nan,nan,nan,nan
DECISION TREES,nan,nan,nan,nan
RECOMMENDER SYSTEM,nan,nan,nan,nan
BIGDATA,nan,nan,nan,nan
ENSEMBLE LEARNING,nan,nan,nan,nan
SPARK STRUCTURED STREAMING,nan,nan,nan,nan
PARALLEL PROGRAMMING,nan,nan,nan,nan
RESILIENT DISTRIBUTED DATASETS,nan,nan,nan,nan
RDDS,nan,nan,nan,nan
DATABASE SYSTEMS,nan,nan,nan,nan
ERD,nan,nan,nan,nan
RDBMS,nan,nan,nan,nan
FILE FORMATS,nan,nan,nan,nan
ETL PROCESS,nan,nan,nan,nan
SOURCES OF DATA,nan,nan,nan,nan
DATA REPOSITORIES,nan,nan,nan,nan
DATA LAKE,nan,nan,nan,nan
RUNTIME ENVIRONMENT,nan,nan,nan,nan
DATA SETS,nan,nan,nan,nan
CRISP-DM,nan,nan,nan,nan
CROSS-INDUSTRY STANDARD PROCESS FOR DATA MINING,nan,nan,nan,nan
DIGITAL TRANSFORMATION,nan,nan,nan,nan
DATA-DRIVEN CULTURE,nan,nan,nan,nan
COMPUTER AND NETWORK SECURITY,nan,nan,nan,nan
NETWORK AND COMPUTER SECURITY,nan,nan,nan,nan
SECURITY MANAGEMENT,nan,nan,nan,nan
INACCESSIBLE DATA,nan,nan,nan,nan
MONOLITHIC ARCHITECTURE,nan,nan,nan,nan
MULTICLOUD ENVIRONMENTS,nan,nan,nan,nan
IBM DATAFIRST,nan,nan,nan,nan
DATA PROTECTION AND PRIVATIZATION,nan,nan,nan,nan
DATA PRIVACY,nan,nan,nan,nan
DATA ANALYSIS REPORT,nan,nan,nan,nan
DATA QUALITY,nan,nan,nan,nan
CLINICAL DATA STANDARDS,nan,nan,nan,nan
HEALTHCARE SYSTEMS,nan,nan,nan,nan
SNOMED,nan,nan,nan,nan
ICD-10,nan,nan,nan,nan
DRUG VOCABULARIES,nan,nan,nan,nan
LOINC,nan,nan,nan,nan
DIGITAL HEALTH DATA SYSTEMS,nan,nan,nan,nan
DIGITAL HEALTH SYSTEMS,nan,nan,nan,nan
DATA LIFE CYCLE,nan,nan,nan,nan
VISUALISATION,nan,nan,nan,nan
DATA PIPELINE,nan,nan,nan,nan
NON-GIS DATA,nan,nan,nan,nan
METADATA,nan,nan,nan,nan
RASTER DATA,nan,nan,nan,nan
DATA LAKES,nan,nan,nan,nan
DATA WAREHOUSE SYSTEM,nan,nan,nan,nan
ROLLUP,nan,nan,nan,nan
CUBE,nan,nan,nan,nan
DATA MARTS,nan,nan,nan,nan
PREDICTIVE,nan,nan,nan,nan
PRESCRIPTIVE,nan,nan,nan,nan
DIAGNOSTIC,nan,nan,nan,nan
DESCRIPTIVE,nan,nan,nan,nan
SIMILAR ALGORITHMIC,nan,nan,nan,nan
MULTIDIMENSIONAL DATA,nan,nan,nan,nan
PRINCIPAL COMPONENTS ANALYSIS,nan,nan,nan,nan
DATA WAREHOUSING ARCHITECTURES,nan,nan,nan,nan
DATA-RELATED,nan,nan,nan,nan
NON-RELATIONAL,nan,nan,nan,nan
RELATIONAL,nan,nan,nan,nan
ANALYTICS,nan,nan,nan,nan
CLOUD DATA SERVICES,nan,nan,nan,nan
APPROPRIATE FUNCTIONS,nan,nan,nan,nan
NAMED RANGES AND TABLES,nan,nan,nan,nan
ANALYSIS,nan,nan,nan,nan
LOGICAL AND LOOKUP FUNCTIONS,nan,nan,nan,nan
PIVOT TABLE,nan,nan,nan,nan
FILTERING,nan,nan,nan,nan
CHARTS,nan,nan,nan,nan
BUSINESS STATISTICS,nan,nan,nan,nan
PIVOT TABLES,nan,nan,nan,nan
ELT,nan,nan,nan,nan
EXTRACT,nan,nan,nan,nan
TRANSFORM,nan,nan,nan,nan
LOAD,nan,nan,nan,nan
ETL,nan,nan,nan,nan
SHELL SCRIPTING,nan,nan,nan,nan
ETHICAL ISSUES,nan,nan,nan,nan
ETHICAL RISKS,nan,nan,nan,nan
ETHICS INITIATIVE,nan,nan,nan,nan
CODE OF ETHICS,nan,nan,nan,nan
ON-PREMISES DATABASE ARCHITECTURES,nan,nan,nan,nan
MIGRATIONS,nan,nan,nan,nan
PATTERN-BASED CLASSIFICATION,nan,nan,nan,nan
BIOMEDICINE,nan,nan,nan,nan
GRAPH DATA,nan,nan,nan,nan
SUBTITLES: ENGLISH,nan,nan,nan,nan
TANGENT LINES,nan,nan,nan,nan
LOGARITHMS,nan,nan,nan,nan
INSTANTANEOUS RATE OF CHANGE,nan,nan,nan,nan
BAYESÍ THEOREM,nan,nan,nan,nan
ALGEBRA WITH INEQUALITIES,nan,nan,nan,nan
VENN DIAGRAMS,nan,nan,nan,nan
PRE-CALCULUS,nan,nan,nan,nan
CARTESIAN (X,nan,nan,nan,nan
Y) PLANE,nan,nan,nan,nan
MATH,nan,nan,nan,nan
DISTANCE FORMULAS,nan,nan,nan,nan
SIGMA NOTATION,nan,nan,nan,nan
ALGEBRA,nan,nan,nan,nan
INTERVAL NOTATION,nan,nan,nan,nan
EXPONENTS,nan,nan,nan,nan
NATURAL LOG FUNCTION,nan,nan,nan,nan
SCIENCE COMMUNICATION,nan,nan,nan,nan
CINEMATIC DESIGN,nan,nan,nan,nan
PIVOT CHARTS,nan,nan,nan,nan
DIGITAL LITERACY,nan,nan,nan,nan
DATA UNDERSTANDING,nan,nan,nan,nan
CLASSIFICATION MODELS,nan,nan,nan,nan
ANALYTIC MODELS,nan,nan,nan,nan
BUSINESS UNDERSTANDING,nan,nan,nan,nan
CROSS INDUSTRY PROCESS FOR DATA MINING,nan,nan,nan,nan
PREDICTION MODEL,nan,nan,nan,nan
CORRELATION STATISTICS,nan,nan,nan,nan
MODELLING,nan,nan,nan,nan
DATA GROUPING,nan,nan,nan,nan
MODERN SOCIETY,nan,nan,nan,nan
FAIR INFORMATION PRACTICES PRINCIPLES ACT,nan,nan,nan,nan
PRINCIPLES OF FAIRNESS,nan,nan,nan,nan
ETHICAL,nan,nan,nan,nan
DATA-DRIVEN INNOVATION,nan,nan,nan,nan
DATA SYSTEMS,nan,nan,nan,nan
PUBLIC HEALTH,nan,nan,nan,nan
DATA VIRTUALIZATION,nan,nan,nan,nan
GRAPH ANALYSIS,nan,nan,nan,nan
LINKING PERCEPTION,nan,nan,nan,nan
COGNITION,nan,nan,nan,nan
BUSINESS MANAGERS,nan,nan,nan,nan
STATISTICAL INFERENCE,nan,nan,nan,nan
DATA DESCRIPTION,nan,nan,nan,nan
DATA LIFECYCLE,nan,nan,nan,nan
MAP CONSTRUCTION,nan,nan,nan,nan
DATA MINING PIPELINE,nan,nan,nan,nan
STRUCTURED STREAMING,nan,nan,nan,nan
BIOLOGICAL SCIENCES,nan,nan,nan,nan
K-MEANS CLUSTERING,nan,nan,nan,nan
BIOMEDICAL,nan,nan,nan,nan
BIOINFORMATICS,nan,nan,nan,nan
BIG DATA SCIENCE,nan,nan,nan,nan
BIOLOGICAL,nan,nan,nan,nan
WAREHOUSES,nan,nan,nan,nan
WAREHOUSE,nan,nan,nan,nan
METHODOLOGICAL APPROACH,nan,nan,nan,nan
DATA LITERACY,nan,nan,nan,nan
DESIGN DECISIONS,nan,nan,nan,nan
ROMANIAN,nan,nan,nan,nan
SIMULATION BASED OPTIMIZATION,nan,nan,nan,nan
PRESCRIPTIVE ANALYTICS,nan,nan,nan,nan
,nan,nan,nan,nan
ANALYSIS OF VARIANCE,nan,nan,nan,nan
CROWDSOURCING,nan,nan,nan,nan
ETHICAL BOUNDARIES OF HACKING,nan,nan,nan,nan
CIA,nan,nan,nan,nan
INFERENTIAL,nan,nan,nan,nan
NETWORK ANALYTICS FOR BUSINESS,nan,nan,nan,nan
DATA AND NETWORK ANALYTICS,nan,nan,nan,nan
PREDICTIVE MODELS,nan,nan,nan,nan
SELECT STATEMENTS,nan,nan,nan,nan
CLOUD STORAGE,nan,nan,nan,nan
FILESYSTEMS,nan,nan,nan,nan
DATA INTEGRATION,nan,nan,nan,nan
DATA LINEAGE,nan,nan,nan,nan
PRIVACY REQUIREMENTS,nan,nan,nan,nan
DATA MANAGEMENT,nan,nan,nan,nan
CLINICAL RESEARCH,nan,nan,nan,nan
GREEN'S THEOREM,nan,nan,nan,nan
SHOELACE THEOREM,nan,nan,nan,nan
LINE INTEGRALS,nan,nan,nan,nan
INTEGRALS,nan,nan,nan,nan
SINGLE-VARIABLE FUNCTION,nan,nan,nan,nan
VECTOR CALCULUS,nan,nan,nan,nan
ALGEBRAIC FUNCTIONS,nan,nan,nan,nan
RATES OF CHANGE,nan,nan,nan,nan
RATIONAL FUNCTIONS,nan,nan,nan,nan
EXPONENTIAL AND LOGARITHMIC FUNCTIONS,nan,nan,nan,nan
POLYNOMIALS,nan,nan,nan,nan
TRIGONOMETRIC AND INVERSE TRIGONOMETRIC FUNCTIONS,nan,nan,nan,nan
THEOREM OF CALCULUS,nan,nan,nan,nan
CALCULATING ACCUMULATION,nan,nan,nan,nan
THE INTEGRAL,nan,nan,nan,nan
DERIVATIVE,nan,nan,nan,nan
SINGLE-VARIABLE AND MULTI-VARIABLE FUNCTIONS,nan,nan,nan,nan
LINEAR APPROXIMATIONS,nan,nan,nan,nan
DERIVATIVES,nan,nan,nan,nan
ESTIMATE FUNCTIONS,nan,nan,nan,nan
NATURAL SCIENCES,nan,nan,nan,nan
TRIGONOMETRIC FUNCTIONS,nan,nan,nan,nan
APPLICATIONS-ORIENTED,nan,nan,nan,nan
EXPONENTIAL,nan,nan,nan,nan
LOGARITHMIC,nan,nan,nan,nan
RATIONAL,nan,nan,nan,nan
MATHEMATICAL,nan,nan,nan,nan
POLYNOMIAL,nan,nan,nan,nan
SINGLE VARIABLE CALCULUS,nan,nan,nan,nan
DEFINITE INTEGRAL,nan,nan,nan,nan
RIEMANN SUMS,nan,nan,nan,nan
MULTIDISCIPLINARY,nan,nan,nan,nan
MEGATRENDS,nan,nan,nan,nan
MULTI-LEVEL PERSPECTIVES,nan,nan,nan,nan
SYSTEMS THINKING,nan,nan,nan,nan
STATISTICAL STUDIES,nan,nan,nan,nan
FREQUENCY,nan,nan,nan,nan
NORMAL DISTRIBUTION,nan,nan,nan,nan
CONFIDENCE INTERVALS,nan,nan,nan,nan
SEMI-STRUCTURED DATA,nan,nan,nan,nan
DATA MANAGEMENT SYSTEMS,nan,nan,nan,nan
BIG DATA MANAGEMENT SYSTEM,nan,nan,nan,nan
MANAGEMENT SYSTEMS,nan,nan,nan,nan
DATABASE MANAGEMENT SYSTEM,nan,nan,nan,nan
BIG DATA INFRASTRUCTURE,nan,nan,nan,nan
INFORMATION SYSTEM,nan,nan,nan,nan
GRAPH ANALYTICS,nan,nan,nan,nan
DATA NETWORK STRUCTURE,nan,nan,nan,nan
GRAPH-STRUCTURED DATA,nan,nan,nan,nan
VÍS OF BIG DATA,nan,nan,nan,nan
BIG DATA ANALYSIS,nan,nan,nan,nan
SOFTWARE,nan,nan,nan,nan
PROFESSIONAL SERVICES,nan,nan,nan,nan
BIG DATA HARDWARE,nan,nan,nan,nan
SPARK,nan,nan,nan,nan
FINANCE,nan,nan,nan,nan
SOCIAL NETWORKS,nan,nan,nan,nan
TELECOMMUNICATIONS,nan,nan,nan,nan
LINGUISTIC ANALYSIS,nan,nan,nan,nan
BIG DATA MANAGEMENT SYSTEMS,nan,nan,nan,nan
BATCH DATA,nan,nan,nan,nan
EXTRACT-LOAD-TRANSFORM,nan,nan,nan,nan
EXTRACT-TRANSFORM-LOAD,nan,nan,nan,nan
EXTRA-LOAD,nan,nan,nan,nan
NLP,nan,nan,nan,nan
NATURAL LANGUAGE PROGRAMMING,nan,nan,nan,nan
PRE-BUILT ALGORITHMS,nan,nan,nan,nan
OPERATING SYSTEM,nan,nan,nan,nan
HARDWARE ISOLATION,nan,nan,nan,nan
KERNEL,nan,nan,nan,nan
TLS KEYS,nan,nan,nan,nan
SOFTWARE-DEVELOPMENT,nan,nan,nan,nan
OS KERNEL,nan,nan,nan,nan
ENCLAVE,nan,nan,nan,nan
ENCLAVE TECHNOLOGIES,nan,nan,nan,nan
SOCIAL MEDIA DATA,nan,nan,nan,nan
TIME SERIES DATA,nan,nan,nan,nan
FORECASTING PROCESS,nan,nan,nan,nan
TRADING ALGORITHM,nan,nan,nan,nan
HYPERPARAMETER TUNING,nan,nan,nan,nan
TREE-BASED MODELS,nan,nan,nan,nan
CROSS-VALIDATION,nan,nan,nan,nan
DESIGN OF EXPERIMENTS,nan,nan,nan,nan
DOE,nan,nan,nan,nan
HASH TABLES,nan,nan,nan,nan
GRAPH PRIMITIVES,nan,nan,nan,nan
DEPTH-FIRST SEARCH,nan,nan,nan,nan
BLOOM FILTERS,nan,nan,nan,nan
SHORTEST PATHS,nan,nan,nan,nan
BALANCED SEARCH TREES,nan,nan,nan,nan
CONNECTIVITY,nan,nan,nan,nan
HEAPS,nan,nan,nan,nan
BREADTH-FIRST,nan,nan,nan,nan
CLINICAL DATA SCIENCE,nan,nan,nan,nan
PARALLEL DATA PROCESSING,nan,nan,nan,nan
DATA EXPLORATION,nan,nan,nan,nan
CLASS HIERARCHY DESIGN,nan,nan,nan,nan
GRAPHS,nan,nan,nan,nan
AUTONOMOUS AGENT,nan,nan,nan,nan
ACCOUNTANCY,nan,nan,nan,nan
BIG DATA LIFE CYCLE,nan,nan,nan,nan
IT SUPPORT,nan,nan,nan,nan
SECURITY BREACHES,nan,nan,nan,nan
JOINT COMMISSION,nan,nan,nan,nan
STARK LAW,nan,nan,nan,nan
HIPAA,nan,nan,nan,nan
PHISHING,nan,nan,nan,nan
RANSOMWARE,nan,nan,nan,nan
