companyName,description,jobName,location,require,salary,timePost
Tổng công ty Cổ phần Bảo hiểm Bưu điện,"Mô tả Công việc 1. Team Post and Telecommunication Insurance Corporation (PTI) is currently the largest non-life insurer with largest sales and service network in Vietnam. PTI is developing a Data team with an ambitious mission of implementing a brand-new Data Strategy to better serve our customers, manage risk and find new business opportunities. 2. Role Description We are looking for a Data Analyst to join PTI and to be part of our journey in developing Data Analytics/AI solutions for PTI as a part of VNDirect’s ecosystem. 3. Responsibilities - Work with various stakeholders to define and monitor KPIs across the company - Explore/Analyze vast data from PTI to understand and normalize company’s data - Build dashboards and ad hoc reports to analyze and present data associated with business and product performance, business operations, risk management and strategic decision making - Support development of predictive models to support strategic and operational initiatives",Data Analyst,Hà Nội,"Yêu Cầu Công Việc - Bachelor‘s degree in Data Science, Statistics, Computer Science or Finance/Economics with Data Analytics skillset - 1+ years working experience as a data analyst - Demonstrable experience working with PowerBI or similar data analytics and data visualization tools - Have a strong foundation on SQL and Python - Capable of working in an interdisciplinary/cross-functional environment - Strong foundation on statistics & probability",Lương: Cạnh tranh,08-12-2023
Công Ty TNHH Taisun Việt Nam,"Mô tả Công việc Work with various stakeholders of commercial and DMS system to define and monitor KPIs across Sales Capability Explore/ Analyze vast data from DMS (Sell Out) And ERP to understand and normalize Sales Capability. Buil dashboards, ad hoc reports and Map Visual to analyze and present data associated with Distribution, Salesforce, Retailers and Product performance, by Distribution, Province & Region, business operations, risk management and strategic decision making. Support development of predictive models to support strategic and operational initiatives. Support Daily Tracking & audit of DMS information & Sales Performance Other tasks are assigned by the department head.",Data Analyst Supervisor,Hồ Chí Minh,"Yêu Cầu Công Việc University graduation major Finance, Accounting, Business Administration, Data Science, Statistics; Demonstrable experience working with PowerBI or similar data analytics and data visualization tools. 2+ years working experience as a data analyst. Have a strong foundation on SQL and Python, Excel VBA. Capable of working in an interdisciplinary/cross-functional environment. Strong foundation on statistics & probability. Ready for Business Trip when needed. * Benefits: Annual leave: 12 days/year (< 5 yos), 13 days/year (5<10 yos), 14 days/year (10+ yos) Annual bonus (avg. 1.5 month); Labor day bonus; Mid-Autumn bonus; Absenteeism bonus; Reward for Outstanding employee/dept; Insurance pay on total salary; Free products; Marital/Funeral/Sickness support; Touring trip/Touring fee; . Birthday gift; . Int'l Women day's gift; .Vietnamese women day's gift; Children day's gift; Year-end gift; . No interest loan for emergent needs; . Training on the job.",Lương: 14 Tr - 22 Tr VND,07-12-2023
CÔNG TY TNHH TALENTVIS VIỆT NAM,"Mô tả Công việc Compile, analyze and report sales data Provide actionable insights to Sales Head and BOM Monitor and analyze customers, competitors and market trends Monitor and evaluate sales performance by sales channel, by product and by sales branches and sales team. Analyze sales promotion and sales campaigns effectiveness and provide recommendations Contribute to the development of sales plans and objectives Other tasks assigned by Line Manager and CMD",Sales Analyst/ Data Analyst,Hà Nội,"Yêu Cầu Công Việc Minimum 3 year working experience, preferably in finance reporting, market research, data analyst Proficient in English Proficiency in Excel, BI tools, SQL Strong verbal, written communication and presentation skills Multi-tasking & effective time management Critical thinking, result oriented and can do attitude Integrity, Accountability and Ownership Proactive, enthusiastic at work, and able to work under pressure.",Lương: 30 Tr - 40 Tr VND,13-11-2023
CHI NHÁNH CÔNG TY TNHH TRANSCOSMOS VIỆT NAM TẠI THÀNH PHỐ HỒ CHÍ MINH,"Mô tả Công việc 1. Forecasting • Perform analysis and forecast volumes – Day of the month / Day of the week / Hour of the day • Perform Headcount forecast based on the volume received/EWS/Training throughput 2. Rostering & Scheduling • Prepare rosters and schedules as per the volume forecasted • Monitor attendance and schedule adherence • Prepare intraday reports on staff attendance • Ensure Login Adherence - Reconcile attendance with employee login hours against schedule and • Analyze AL submissions and approve/deny based on their effect on operations • Manage changes to scheduling to ensure adequate daily resource coverage 3. Performance Management • Maintain data required for measuring the agent performance in the defined format (PBI, Excel, etc.) • Perform KPI ranking for employees based on the grids / parameters for the LOBs 4. MIS and Reporting • Prepare and publish productivity/quality report for employees (PBI) • Prepare TL Dashboard – Team performance by supervisors for managers’ review • Maintain tracker with list of employees with their status (active/inactive), client account, contact details 5. Billing • Provide and consolidate data required for preparing Minutes of Acceptance (Login hours/Attendance/OT/Volume) • Calculate the unit/headcount as per client approved Email/Contract • Check and prepare Bonus & Penalty (if applicable) • Send billing data to Operations/Client for review/approval • Compliance • Alert Operations when client account isn't deleted in a timely manner (upon employee's resignation) • Alert Operations or higher-level management upon finding frauds • Communicate with management and operations team to ensure compliance with company standards",Data Analyst/ Workforce Management Analyst,Hồ Chí Minh,"Yêu Cầu Công Việc At least 1 - 2 years experience in Workforce Management Analyst or Data Analyst or Business Analyst Advance Excel; Power BI & SQL is plus Researching, Planning, Reporting, Presentation, Communication Problem-solving mindset Logic and critical thinking mindset Attention to details Willing to learn and open to new ideas/areas English Basic",Lương: 14 Tr - 17 Tr VND,28-11-2023
Công ty Cổ phần CANIFA,"Mô tả Công việc 1. Tham gia xây dựng hệ thống báo cáo BI - Thu thập nguồn dữ liệu kế hoạch hàng tháng (trên Excel hoặc Google Sheet) của các phòng ban để có nguồn dữ liệu xây dựng báo cáo - Kiểm tra tính đúng đắn và chuẩn hóa dữ liệu trước khi đưa vào hệ thống - Trình bày các báo cáo kinh doanh, khách hàng, hàng hóa cho hệ thống BI bằng biểu đồ hoặc hình thức minh họa hợp lý - Hướng dẫn người dùng sử dụng các báo cáo của hệ thống 2. Thực hiện các báo cáo theo yêu cầu - Tiếp nhận và xử lý các yêu cầu về phân tích dữ liệu - Xây dựng báo cáo hoặc truy vấn dữ liệu theo yêu cầu - Đề xuất giải pháp nhằm nâng cao tính cạnh tranh, cải tiến hiệu quả kinh doanh cho Công ty 3. Đảm bảo hệ thống BI vận hành liên tục - Kiểm tra dữ liệu đúng, đủ và tin cậy - Tham gia kiểm tra và xử lý sự cố của hệ thống BI (nếu có)",Data Analyst,Hà Nội,"Yêu Cầu Công Việc - Tốt nghiệp Đại học trở lên các chuyên ngành CNTT, Phân tích dữ liệu hoặc Tài chính, Kế toán - Tối thiểu 2 năm kinh nghiệm trở lên vị trí tương đương, ưu tiên trong ngành Thời trang/ Bán lẻ/Thương mại điện tử - Biết sử dụng công cụ visualization để biểu diễn dữ liệu như Tableau, Power BI - Có kiến thức, kỹ năng phân tích, thống kê và tổng hợp dữ liệu - Biết sử dụng ngôn ngữ truy vấn CSDL - Hiểu biết về eCommerce hoặc bán lẻ là lợi thế",Lương: 10 Tr - 22 Tr VND,11-12-2023
CHI NHÁNH CÔNG TY TNHH TRANSCOSMOS VIỆT NAM TẠI THÀNH PHỐ HỒ CHÍ MINH,"Mô tả Công việc This is a full-time on-site role, located in Ho Chi Minh City, Vietnam, for a Data Analyst/ Workforce Management Analyst Supervisor. As a Supervisor, you will be responsible for leading a team of analysts to analyze data and workforce management for our clients' call centers. This position requires strong critical thinking and problem-solving skills to ensure high quality service as well as the ability to manage a team effectively and efficiently. 1. Contribute effectively to the team ensuring efforts are aligned toward achieving team goals: - Implement the direction set by management. - Complete specific tasks allocated. 2. Resource planning: - Responsible for day to day performance of Contact center schedules and resource planning. - Monitor workforce management system and enhance reporting capabilities to deliver analysis on adherence/compliance to schedules. 3. Improving the business: - Identify trends and patterns in adherence and report behavioural trends to Contact center Business Support team to ensure compliance to adherence and assist with identifying training and development opportunities to improve customer service delivery. - Capture complex data from information technology systems to deliver scorecard reporting to improve productivity. 4. Customer service: - Effectively produce well planned rosters aimed at improving the level of service provided when engaging with our customers. - Analysis and reporting of Contact center performance on a daily, weekly, monthly and annual basis.",Data Analyst/ Workforce Management Analyst Supervisor,Hồ Chí Minh,"Yêu Cầu Công Việc - Minimum 3-5 years of experience in data analysis, workforce management, or a related field - Experience in workforce management systems and telephone call routing systems. - Call Center knowledge – especially Customer Services operational metrics - Workforce Management in Call center knowledge - Forecasting, Rostering, Scheduling - Ability to use Power BI, SQL and Microsoft Office (Word, Excel and PowerPoint) - Good at English",Lương: 25 Tr - 30 Tr VND,20-11-2023
CÔNG TY CỔ PHẦN KINH DOANH F88,"Mô tả Công việc A. MÔ TẢ CÔNG VIỆC 1. Nhiệm vụ chính Tham gia xây dựng các tính năng và thông tin cho sản phẩm Customer360 của Trung tâm Tham gia vào dự án Data Lake của Trung tâm, giúp xác định yêu cầu nghiệp vụ để hỗ trợ xây dựng và kiểm thử dữ liệu trên Data Marts Thiết kế báo cáo Dashboard, báo cáo phân tích đa chiều và phân tích nâng cao cho các đơn vị F88 giúp các đơn vị đưa ra quyết định Thực hiện các phân tích ad-hoc, cung cấp dữ liệu theo yêu cầu đột xuất của đơn vị F88 Hỗ trợ tính toán KPI, Incentives cho các đơn vị F88 2. Thời gian làm việc: 08h30 - 17h30 (Thứ Hai - Thứ Sáu; nghỉ Thứ Bảy + Chủ nhật) 3. Địa điểm làm việc: Tòa nhà N01A - 275 Nguyễn Trãi, Thanh Xuân, Hà Nội B. ĐÃI NGỘ 1. Chế độ chính sách: Lương thưởng RẤT cạnh tranh trên thị trường Thưởng cuối năm + thưởng Lễ/Tết + thưởng sinh nhật + thưởng đột xuất khi hoàn thành tốt nhiệm vụ 12 ngày phép năm + nghỉ phép theo thâm niên BHXH + chế độ bảo hiểm đặc biệt dành cho nhân viên (F88 Care) 2. Môi trường làm việc: Được làm việc trong môi trường trẻ năng động, luôn coi Công nghệ thông tin là yếu tố trọng tâm để phát triển Áp dụng mô hình phát triển phần mềm theo Agile, Scrum Được tiếp cận với các Công nghệ hiện tại tiên tiến nhất trên thế giới hiện nay Môi trường làm việc cởi mở và năng động với các giá trị cốt lõi sâu sắc truyền cảm hứng làm việc đến nhân viên Khuyến khích trao đổi ý tưởng, đề cao sự sáng tạo trong công việc Cơ hội tham gia gắn kết với tập thể thông qua các hoạt động văn hóa sôi động: Teambuilding, Tất niên, 8/3, 20/10, Giáng sinh… 3. Cơ hội phát triển: F88 cam kết cho bạn nền tảng vững chắc để học hỏi và phát triển Tham gia đào tạo bài bản, chuyên nghiệp từ Học viện F88 Sẵn sàng trao quyền, cơ hội đột phá cho nhân viên",Senior Data Analyst,Hà Nội,"Yêu Cầu Công Việc Tốt nghiệp Đại học các chuyên ngành về Công nghệ thông tin, Dữ liệu… Có tối thiểu 02 năm kinh nghiệm làm việc tại vị trí tương đương Có tư duy về dữ liệu và đam mê về phân tích dữ liệu Có hiểu biết, kiến thức về xây dựng báo cáo Dashboard, phân tích dữ liệu đa chiều Có kiến thức cơ bản về công cụ truy vấn dữ liệu (SQL) và các hệ thống dữ liệu có cấu trúc như Oracle, MySQL, MSSQL, PostgreSQL... Có kinh nghiệm sử dụng một trong số các ngôn ngữ xử lý, tổng hợp và phân tích dữ liệu như Python, R hoặc Julia Có kỹ năng tốt với MS Office như Excel, Word, PowerPoint hoặc các sản phẩm của Google Office (Sheet, Slide...)",Lương: 22 Tr - 30 Tr VND,18-11-2023
Công ty Cổ phần Dịch vụ Di Động Trực tuyến (Ví MoMo),"Mô tả Công việc Building, developing, and maintaining automated dashboards to monitor performance metrics; Monitoring data quality to ensure data sources are reliable and relevant for the team’s purposes; Analyzing complex data to drive insightful findings and translating them into meaningful, actionable recommendations for our stakeholders; Designing and implementing solutions and best-practices, with automation and scalability in mind, to empower end-users to become self-reliant; Collaborating with internal team to consolidate requirements, understand business needs, and deliver projects in a timely manner; Ad-hoc Reporting & Data Analysis duties or other responsibilities as required; Types of projects include: customer segmentation; analyses to enhance user acquisition, engagement, conversion, retention; reporting standardization; gamification; A/B testing & experimentation analysis for product development and optimization.","Senior Data Analyst, OTA",Hồ Chí Minh,"Yêu Cầu Công Việc Minimum Qualifications University degree (BA, BSc, etc.) in a quantitative discipline such as Statistics, Computer Science, Mathematics, Information Management; University degree with quantitative/statistics coursework such as Business, Economics, Marketing, or relevant fields. Key Skills/Experience Required Critical: Excellent analytical skills and problem-solving aptitude; Ability to collect, organize, and analyze significant amounts of data with high attention to detail; Ability to visualize findings, create meaningful insights, and arrive at actionable recommendations; Strong spoken and written communication skills (in both English and Vietnamese) to collaborate with team members and to explain findings clearly to internal team as well as stakeholders; Experience writing complex queries in SQL or other SQL-based languages; Work proactively with key business partners to closely monitor risks and opportunities and identify improvement opportunities; Foster strong relationships with business units by establishing a culture of support and shared accountability within the team; Sense of ownership, a growth mindset, and the ability to recommend solutions which are scalable; Self-learner and quick to adopt new knowledge and technical skills; Effectively collaborate within a team as well as work independently. Desirable: Experience with BI/analytics/statistics tools and languages (Google BigQuery, Google Data Studio, R, Python, etc.); Solid technical/functional knowledge in statistics.",Lương: 22 Tr - 33 Tr VND,06-12-2023
Công ty TNHH Olam Việt Nam - Chi Nhánh Long Bình,"Mô tả Công việc - Participate in month-close activities. - Reconcile oversea stock. - Involve in pricing process. - Perform estimation for oversea provision, profit and other simulations as requested by the management. - Coordinate with Planning, Quality Team, Customer Service Team and other stakeholders to solve ad-hoc issues.",Data Analyst Executive,Đồng Nai,Yêu Cầu Công Việc - Accounting/Finance background. - At least 5 years experience in the data field. - Advanced Excel skills. - English fluency (to work with oversea team).,Lương: Cạnh tranh,09-12-2023
Công ty Cổ phần Dịch vụ Di Động Trực tuyến (Ví MoMo),"Mô tả Công việc Build, develop and maintain automated dashboards to monitor performance metrics; Monitor data quality to ensure data sources are reliable and relevant for the team’s purposes; Directly take charge of coming up with and delivering high-quality, actionable business analyses of MoMo’s products & users: including funnel analyses, user segmentation, user behavior, channel analyses…; Follow through on the implementation of growth initiatives, including data-related work to support operations, performance measurement, reporting & analyses.","Senior Data Analyst, Growth & Marketing",Hồ Chí Minh,"Yêu Cầu Công Việc Excellent analytical skills and problem-solving aptitude; High attention to detail; Data visualization & storytelling; Experience writing complex queries in SQL or other SQL-based languages; Sense of ownership, self-learner and quick to adopt new knowledge and technical skills; Effectively collaborate within a team as well as work independently.",Lương: Cạnh tranh,21-11-2023
Ngân Hàng TMCP Quân Đội,"Mô tả Công việc • Tìm hiểu bài toán (Business Understanding): Phối hợp với đơn vị nghiệp vụ lên đề xuất giải pháp cho bài toán phân tích. • Tìm hiểu dữ liệu (Data Understanding): Tìm hiểu ý nghĩa các trường dữ liệu hiện có để đưa làm đầu vào của bài toán; Thu thập, tổng hợp thêm các thuộc tính đặc trưng phục vụ cho đầu vào bài toán. • Làm sạch dữ liệu (Data Cleaning): Loại bỏ phần tử ngoại lai, thêm các giá trị bị thiếu, sửa các giá trị bị sai trong dữ liệu, dữ liệu không đúng format (Date, String, Number)… • Tích hợp dữ liệu (Data Integration): thực hiện mapping chi tiết tích hợp dữ liệu về hệ thống phân tích dữ liệu. • Biến đổi dữ liệu (Data Transformation): Tổng hợp và biến đổi dữ liệu để đưa ra các thuộc tính mới (phụ thuộc vào bước tìm hiểu dữ liệu ở trên). • Phân tích mô tả (Descriptive Analysis) & trực quan hóa dữ liệu phân tích",Data Analyst - Khối Dữ Liệu,Hà Nội,"Yêu Cầu Công Việc 1. Kiến thức: Tốt nghiệp Đại học trở lên, chuyên ngành CNTT, Toán tin, Kinh tế hoặc tương đương 2. Kinh nghiệm làm việc: - Trên 2 năm kinh nghiệm Phân tích dữ liệu trong/hoặc với ngân hàng hoặc/và các tổ chức tín dụng, công ty công nghệ, fintech khác.",Lương: Cạnh tranh,03-12-2023
CÔNG TY TNHH KOHNAN VIỆT NAM,"Mô tả Công việc Analyze numerical data to identify the nature and trend of Sales, including gross profit, inventory, stock, loss, basket size, items,…. According to Sales GM's orders, discuss and coordinate with the subjective stores to collect the necessary data and make a report as a result of research and the data analysis. Assess effectiveness of acquisition and cross-sell products/ procedures. Visualize data for easy controlling purpose and understanding updated performance situation. Verify efficiency in sales targets, resource allocation plans/shift plans, Operation management. Evaluate (operational) risk performance and making report about warning of risk and forecast for new trends of market and product. Discuss and coordinate with the Store Manager of each store to improve the situations or solve the problems for adjustment. According to Sales GM's orders, to go for hearing of the Store Managers or Chief and create a Manual for store rule or official announcement. Other tasks assigned by Line Manager.",Data Analyst (Sales Assistant Manager) (Mới),Hồ Chí Minh,"Yêu Cầu Công Việc Working location: Office at Kohnan Giga Mall: 240-242 Kha Van Can Street, Hiep Binh Chanh Ward, Thu Duc District, HCMC Working time: Monday - Saturday morning (8AM - 5PM; 8AM - 12PM) Requirements: Bachelor's Degree in Data Science, Information System or Business-related major Expert of the excel file in data processing, including but not limited to create tables and graphs through the use of pivot functions. (Preferrably having experiences of SQL/MySQL, Data visualizing tools) At least 3 years of working experience related to data & business analysis, consumer insgihts research, sales performance, etc. Experience in Retail industry is preferrable. Ability to \"create stories\" by working with database & systems to run data, then assessing/ connecting information to produce reports & dashboards Positive attitude, eager to learn and grow, flexible and resilience Good analysis skills, love to work with figures/data Detail-oriented, careful manner Logical Thinking English: good (work directly with foreign Manager) Problem-solving skill, communication skill, negotiation skill",Lương: 30 Tr - 35 Tr VND,09-12-2023
CÔNG TY CỔ PHẦN KINH DOANH F88,"Mô tả Công việc A. MÔ TẢ CÔNG VIỆC 1. Nhiệm vụ chính Tham gia xây dựng các tính năng và thông tin cho sản phẩm Customer360 của Trung tâm Tham gia vào dự án Data Lake của Trung tâm, giúp xác định yêu cầu nghiệp vụ để hỗ trợ xây dựng và kiểm thử dữ liệu trên Data Marts Thiết kế báo cáo Dashboard, báo cáo phân tích đa chiều và phân tích nâng cao cho các đơn vị F88 giúp các đơn vị đưa ra quyết định Thực hiện các phân tích ad-hoc, cung cấp dữ liệu theo yêu cầu đột xuất của đơn vị F88 Hỗ trợ tính toán KPI, Incentives cho các đơn vị F88 2. Thời gian làm việc: 08h30 - 17h30 (Thứ Hai - Thứ Sáu; nghỉ Thứ Bảy + Chủ nhật) 3. Địa điểm làm việc: Tòa nhà N01A - 275 Nguyễn Trãi, Thanh Xuân, Hà Nội B. ĐÃI NGỘ 1. Chế độ chính sách: Lương thưởng cạnh tranh trên thị trường Thưởng cuối năm + thưởng Lễ/Tết + thưởng sinh nhật + thưởng đột xuất khi hoàn thành tốt nhiệm vụ 12 ngày phép năm + nghỉ phép theo thâm niên BHXH + chế độ bảo hiểm đặc biệt dành cho nhân viên (F88 Care) 2. Môi trường làm việc: Được làm việc trong môi trường trẻ năng động, luôn coi Công nghệ thông tin là yếu tố trọng tâm để phát triển Áp dụng mô hình phát triển phần mềm theo Agile, Scrum Được tiếp cận với các Công nghệ hiện tại tiên tiến nhất trên thế giới hiện nay Môi trường làm việc cởi mở và năng động với các giá trị cốt lõi sâu sắc truyền cảm hứng làm việc đến nhân viên Khuyến khích trao đổi ý tưởng, đề cao sự sáng tạo trong công việc Cơ hội tham gia gắn kết với tập thể thông qua các hoạt động văn hóa sôi động: Teambuilding, Tất niên, 8/3, 20/10, Giáng sinh… 3. Cơ hội phát triển: F88 cam kết cho bạn nền tảng vững chắc để học hỏi và phát triển Tham gia đào tạo bài bản, chuyên nghiệp từ Học viện F88 Sẵn sàng trao quyền, cơ hội đột phá cho nhân viên",Middle/Senior Data Analyst,Hà Nội,"Yêu Cầu Công Việc YÊU CẦU CÔNG VIỆC Tốt nghiệp Đại học các chuyên ngành về Công nghệ thông tin, Dữ liệu… Có tối thiểu 2 năm kinh nghiệm làm việc tại vị trí tương đương, ưu tiên có kinh nghiệm làm việc tại các tổ chức Tài chính, Ngân hàng Có tư duy về dữ liệu và đam mê về phân tích dữ liệu Có hiểu biết, kiến thức về xây dựng báo cáo Dashboard, phân tích dữ liệu đa chiều Có kiến thức cơ bản về công cụ truy vấn dữ liệu (SQL) và các hệ thống dữ liệu có cấu trúc như Oracle, MySQL, MSSQL, PostgreSQL... Có kinh nghiệm sử dụng một trong số các ngôn ngữ xử lý, tổng hợp và phân tích dữ liệu như Python, R hoặc Julia Có kỹ năng tốt với MS Office như Excel, Word, PowerPoint hoặc các sản phẩm của Google Office (Sheet, Slide...)",Lương: 20 Tr - 32 Tr VND,04-12-2023
Tổng Công ty Cổ phần Công trình Viettel,"Mô tả Công việc Xây dựng & phối hợp triển khai các kế hoạch kinh doanh của các đơn vị được giao phụ trách nhằm hoàn thành mục tiêu doanh thu. Điều hành, tư vấn, đảm bảo tiến độ & chất lượng các hoạt động kinh doanh của đơn vị. Tổng hợp, xây dựng cơ sở dữ liệu về các hoạt động sản xuất kinh doanh của toàn TCT. Phân tích, khai thác cơ sở dữ liệu, từ đó xây dựng các đề xuất, phương án nhằm nâng cao hiệu quả kinh doanh. Triển khai các công việc, nhiệm vụ khác nhằm giải quyết các khó khăn, vướng mắc, tối ưu hiệu quả hoạt động kinh doanh của TCT. Xây dựng các báo cáo chuyên sâu về các hoạt động/lĩnh vực kinh doanh của TCT.",Chuyên viên Phân tích dữ liệu kinh doanh - Data Analyst,Hà Nội,"Yêu Cầu Công Việc Nhiệt tình, chủ động, có tâm thế “can-do” và “problem-solving”. Khả năng chịu áp lực tốt, có kinh nghiệm chạy deadline, có thể làm Over time Khả năng tự học tốt, thích tìm hiểu, nghiên cứu các kiến thức mới. Cẩn thận, chỉn chu trong mọi nhiệm vụ được giao. Có nền tảng kiến thức tổng quan về Sale & Marketing, ưu tiên nhân sự tốt nghiệp ĐH Ngoại Thương, ĐH Kinh tế quốc dân. Tư duy số liệu tốt, thông thạo Excel (Quan trọng ) Quyền lợi được hưởng: Lương cứng : từ 20.000.000 đồng đến 22.000.000 đồng/ tháng Có phụ cấp ăn trưa điện thoại: 930.000 đồng/tháng Thưởng tháng lương T13 Thưởng các ngày lễ tết: 48.000.000TR/năm Nghỉ phép 15 ngày/năm Làm việc từ Thứ 2 - Thứ 6 + 1 ngày T7/tháng Địa điểm làm việc: Số 6, Phạm Văn Bạch, Hà Nội Được ký hợp đồng lao động và tham gia các loại bảo hiểm theo quy định của Nhà nước. Được đào tạo tại công ty hoặc tham gia các khóa đào tạo nâng cao, bổ ích bên ngoài. Tham gia nhiều hoạt động văn hóa, thể dục, thể thao, giải trí. Chính sách du lịch, nghỉ dưỡng, khám sức khỏe định kỳ cho CBNV.",Lương: 20 Tr - 22 Tr VND,02-12-2023
CÔNG TY CỔ PHẦN MAYCHA,"Mô tả Công việc Hỗ trợ cập nhật điều chỉnh BOM và chuyển đổi trên HDPC/HDSX. Quản lý danh mục sản phẩm và bán thành phẩm, nhận chỉ đạo từ RnD Manager và thông tin đến bộ phận master data và các bộ phận liên quan về tạo mới. Ghi nhận và trình trí BOM (theo qui trình SAP để đảm bảo cùng MD kiêm soát BOM). Theo dõi biến độ COGs và so sánh dựa trên cập nhật đơn giá mới và đơn giá bình quân. Theo dõi tiến độ dự án của phòng RnD. Hỗ trợ công tác paper work (Order NVL mới, hàng hoá, thông tin, điều chuyển,...)",R&D Data Analyst – Chuyên viên dữ liệu R&D,Hồ Chí Minh,"Yêu Cầu Công Việc Kinh nghiệm làm việc trong lĩnh vực kế toán – tối thiểu 2 năm Học vấn: Cao đẳng/Đại học với các chuyên ngành liên quan Vi tính văn phòng: Biết sử dụng Excel và quản lý dữ liệu Có kinh nghiệm làm việc trên hệ thống quản lý nào đó (POS, FAST, SAP,... QUYỀN LỢI: Bảo hiểm PVI 24/7 Thử việc 100%, đóng BHXH ngay tháng đầu Thứ hai - Thứ sáu, sáng Thứ bảy làm việc online tại nhà Lương 13, thưởng Các hoạt động truyền thông, teambuilding,...",Lương: 10 Tr - 15 Tr VND,24-11-2023
"Avery Dennison RIS Vietnam Co., Ltd.","Mô tả Công việc Review and work with GPD to develop more new outsource items. Check and compare outsource best price before sending orders. Control material at outsource warehouse (replenishment stock, stock reports...) Balance backlog at in house and outsource. Ensure sent orders to subcon that aligned with compliance rules. Ensure subcons aligned with orders requirements (packaging, FOC, Samples, extra quantity, quality...) Coordinate with Customer Service to establish priorities for rush/ specific Sale orders. Make comparative cost analyses in order to determine the most effective and efficient options for scheduling, inventory, production, distribution, and transportation. Make sure each operation meets shipping date according to sales orders. Monitor, analyze & report performance of Output reliability, OIP, UEE, UPLH Work with Prepress for the Master data to maintain and update properly the Lead time, color, and Ups information ...for the existed, new parts in the Master file.",Production Planner/Data Analyst (Open for 6-month internship contract),Hồ Chí Minh,"Yêu Cầu Công Việc • Bachelor's degree. 0-3 years SML or related experience. • Good analytical, mathematical, organizational, verbal and written communication skills and detail-oriented. • Ability to interface with cross-functional groups to define and execute overall requirements. • Familiarity in process documentation and improvement. • Ability to design, develop, and maintain tables, formulas, graphs, queries and macros. • Understanding of applicable computer systems, such as Microsoft Office and function specific software.",Lương: Cạnh tranh,20-11-2023
Vietnam Concentrix Services Company Limited,"Mô tả Công việc · Data Analyst will act as a liaison between the Centralized and Site WFM teams. · Initiates and manages all WFM communications between centralized, site teams, and leadership. · Preparation of daily / Weekly / Monthly MIS reports & presentations / decks · Preparing of schedules using IEX for different queues across locations and mitigating gaps in schedules. · Root cause analysis of SLA deviations, action plan development and resolution · Monitor real-time queue, schedule adherence & attendance. · Key daily exception requests and update schedules · Optimize breaks of the day or day before the actual schedule. · Schedule ADHOC intra-day training requests and update schedules. · Produce and analyze daily efficiency reports (representative availability, access level etc.) · Attend/lead centralized and/or site management meetings, as required · Strong data source relationship understanding is desired. Database knowledge will be ideal. · Cater to real time reporting adhoc requests as and when required. · Monitor all agents/staff logged into dialer system to assure staff logged into appropriate campaign to each department group and to maximize utilization of agent productivity while logged into campaigns · Ensure all work is performed in compliance with company policies as well as local, state and collection/sales laws and regulation",Workforce Management Supervisor,Hồ Chí Minh,Yêu Cầu Công Việc · At least 1 years experience in Data Analyst · Knowledge and experience in telesales will be a plus · Have sense to detect and regcognize non-compiance behavior. · Ability to communicate and inspire employees. · Have logic-mind,Lương: 20 Tr - 31 Tr VND,27-11-2023
Vietnam Concentrix Services Company Limited,"Mô tả Công việc · Data Analyst will act as a liaison between the Centralized and Site WFM teams. · Initiates and manages all Data Annalyst communications between centralized, site teams, and leadership. · Preparation of daily / Weekly / Monthly MIS reports & presentations / decks · Preparing of schedules using IEX for different queues across locations and mitigating gaps in schedules. · Root cause analysis of SLA deviations, action plan development and resolution · Monitor real-time queue, schedule adherence & attendance. · Key daily exception requests and update schedules · Optimize breaks of the day or day before the actual schedule. · Schedule ADHOC intra-day training requests and update schedules. · Produce and analyze daily efficiency reports (representative availability, access level etc.) · Attend/lead centralized and/or site management meetings, as required · Strong data source relationship understanding is desired. Database knowledge will be ideal. · Cater to real time reporting adhoc requests as and when required. · Monitor all agents/staff logged into dialer system to assure staff logged into appropriate campaign to each department group and to maximize utilization of agent productivity while logged into campaigns · Ensure all work is performed in compliance with company policies as well as local, state and collection/sales laws and regulation",Data Report Team Leader,Hồ Chí Minh,Yêu Cầu Công Việc · At least 4 years experience in Data Analyst and at least 1 years in the team leader role. · Knowledge and experience in telesales will be a plus · Have sense to detect and regcognize non-compiance behavior. · Ability to communicate and inspire employees. · Have logic-min,Lương: 19 Tr - 23 Tr VND,30-11-2023
CHI NHÁNH CÔNG TY TNHH TRANSCOSMOS VIỆT NAM TẠI THÀNH PHỐ HỒ CHÍ MINH,"Mô tả Công việc This is a full-time on-site role as a Business Intelligence Analyst, located in Ho Chi Minh City, Vietnam. The Business Intelligence Analyst will be responsible for day-to-day tasks such as data modeling, dashboard creation, utilizing business intelligence tools, business analysis, and related tasks. Developing and managing Business Intelligence solutions for the organization. Work with cross-functional partners for the purpose of collecting data and executing the company’s mission. Translate business requirements into specifications that will be used to drive data store/ data warehouse/ data mart design and configuration. Developing visual reports, KPI scorecards, and dashboards using Power BI to review operational efficiencies and drive decisioning quality throughout business and other partner departments. Capable of implementing row-level security on data along with an understanding of application security layer models in Power BI. Should have an edge over making DAX queries in Power BI desktop. Expert in using advanced-level calculations on the data set. Transition developed BI systems to the Operations & Support team. Creating and maintaining documentation that includes the design, requirements, and user manuals for the organization. Identifying the development needs for the purpose of streamlining and improving the operations of the organization for efficiency and profitability. Ad-hoc Reporting Data Analysis duties or other responsibilities when required.",Business Intelligence Analyst,Hồ Chí Minh,"Yêu Cầu Công Việc At least 4 years of experience as a Business Intelligence Analyst or similar role, with a focus on Power BI. Proficiency in creating complex data models, reports, and dashboards using Power BI Desktop and Power BI Service. Strong understanding of data visualization best practices and the ability to transform complex data into visually compelling insights. Experience with DAX (Data Analysis Expressions) for creating calculated columns, measures, and calculated tables. Solid knowledge of SQL for querying and manipulating data from relational databases. Familiarity with data integration and ETL processes, including data cleansing and transformation. Excellent analytical and problem-solving skills with the ability to interpret data and provide actionable insights. Effective communication skills to interact with both technical and non-technical stakeholders. Demonstrated ability to work independently and collaboratively in a fast-paced environment. Good at English (both oral and written). Good teamwork spirit and logical thinking. Proactive, well self-organized and responsible in work. Any relevant certifications, such as Microsoft Certified: Data Analyst Associate, would be a plus.",Lương: 25 Tr - 30 Tr VND,06-12-2023
TAKI GROUP,"Mô tả Công việc - Sử dụng các công cụ chuyên biệt nghiên cứu thị trường, sản phẩm ngành phần mềm – công nghệ thông tin; - Tìm hiểu các xu hướng công nghệ mới, đánh giá tính khả thi khi đưa vào áp dụng - Nghiên cứu các sản phẩm chuyên biệt trên thị trường, từ đó đánh giá và đề xuất các tính năng mới cho sản phẩm của công ty - Tổng hợp, phân tích thông tin và đề xuất ý tưởng cho sản phẩm mới, phối cùng BA và team cùng nghiên cứu và triển khai - Khảo sát, phân tích ý kiến đóng góp của khách hàng về sản phẩm và đề xuất phương án cải tiến - Các công việc khác theo sự phân công",Chuyên Viên Nghiên Cứu Và Phát Triển Sản Phẩm (Tenology R&D),Hà Nội,"Yêu Cầu Công Việc - Tốt nghiệp đại học, cao đẳng - Độ tuổi 9x - Có từ 1 năm kinh nghiệm ở các vị trí R&D, data analyst, product manager, marketing manager, chuyên viên/ trưởng nhóm/ trường phòng quản lý rủi ro .... - Đã làm trong ngành IT ít nhất 1 năm - Có kỹ năng tìm kiếm, nghiên cứu và phân tích thông tin - Hiểu biết về kinh doanh và xu thế kinh doanh, biết khai thác nhu cầu khách hàng - Có khả năng làm việc độc lập và làm việc nhóm - Có kiến thức về phát triển mobile app/ web - Kỹ năng giao tiếp linh hoạt - Hiểu biết cơ bản về Agile, scrum - Có bộ công cụ nghiên cứu và phân tích",Lương: 15 Tr - 25 Tr VND,18-11-2023
VNG,"Mô tả Công việc Risk Management team at ZaloPay gathers highly motivated team players who are dedicated to risk assessment, analyzing fraud & abuse patterns, and then creating and adapting advanced prevention mechanisms while focusing on the use of rand customer experience. As a Risk Strategist, you will have opportunities to: Be involved in Fintech business with ZaloPay - expected to be one of the leading e-payment products in Vietnam; Wide up your knowledge in Risk management area of Fintech/ E-commerce industry; Be in charge of Risk management policy & operation for Funding Channel Risk - one of two key components of Partner Risk at ZaloPay; Work with our experts and get knowledge or deep insights (e.g., market, trends, user behaviors, etc.) from other components of the Fintech area (e.g., business intelligence, data analysis, tech, product, etc.); What you will do Understand and maintain risk management process for promotion abuse & credit risk. Do a Risk assessment of new campaigns, and product features before launch; define strategies and risk monitoring, detection & mitigation plan. Monitor and detect risks in transaction processing, system operation, and customer transactions. Monitor and analyze fraud/abusive transactions detected by transaction monitoring tool; Monitor statistics related to redemption, authentication, and authorization; Evaluate risk of the suspended transaction and decide whether the transaction is accepted; Take actions to stop fraud during product launch, and operations; Participate in developing new ZaloPay’s features/products from at risk management perspective. Analyze potential risks of features/products; Propose solutions to help features/products to be released with compliance. Work closely with Business & Product teams, Data Analysts & Data Scientists on Continuously refining the product mechanics and Risk requirements to control, and reduce loss & cost without impeding user experience for the good users; Deep-dive into suspicious fraud cases to identify malicious behavior, and vulnerabilities; Analyzing to understand the difference between normal users and fraudsters/abusers; proposing rules & model updates to increase coverage rate, reduce loss rate, and false-positive rate (low impact to normal users) of Risk Engine.","Risk Strategist, ZaloPay",Hồ Chí Minh,"Yêu Cầu Công Việc ﻿An ideal candidate’s profile Have 1+ years of experience at bank/payment companies fintech companies or e-commerce companies; Knowledge of promotion schemes and policies is preferred; Ability to identify and analyze trends or patterns of normal users and fraudsters; Ability to predict user and fraudster behavior for better on-going risk controls; Be open-minded, eager to learn new things, and embrace challenges; Logical thinking and problem-solving skills – the ability to identify the root cause, evaluate the potential loss, user experience impact; and quickly give solution; Great communication skills – the ability to communicate well with teams to give persuasive opinions and define rules; Ability to manage multiple tasks and deadlines",Lương: Cạnh tranh,06-12-2023
CÔNG TY CỔ PHẦN CHỨNG KHOÁN ASEAN,"Mô tả Công việc Xây dựng các sản phẩm phân tích, tư vấn đầu tư,dự báo mức định giá và xu hướng chi phí đầu tư. Viết báo cáo công ty và báo cáo ngành cung cấp góc nhìn thấu đáo, sáng tạo, xác định cơ hội đầu tư cho khách hàng. Tổ chức các hoạt động hỗ trợ nhà đầu tư qua chương trình, kênh đào tạo, các sản phẩm phân tích cơ bản và chuyên sâu. Tham gia các Dự án xây dựng cơ sở dữ liệu phân tích và phát triển hệ thống thông tin quản lý, các hoạt động nghiên cứu – phát triển sản phẩm phân tích. Tham gia các hoạt động truyền thông xây dựng hình ảnh và thương hiệu của Công ty trên các kênh truyền thông. Các công việc khác theo yêu cầu của Ban lãnh đạo.",Chuyên Viên Phân Tích Ngành,Hà Nội,"Yêu Cầu Công Việc Tối thiểu 3 năm kinh nghiệm tại vị trí tương đương trong lĩnh vực chứng khoán Có chứng chỉ hành nghề Môi giới Chứng khoán trở lên. Ưu tiên ứng viên có CFA Charter Holder, ACCA, CPA, CMT. Am hiểu ngành, doanh nghiệp trên thị trường và phân tích tốt. Kỹ năng giao tiếp, thuyết trình, viết báo cáo với tính thuyết phục cao.",Lương: Cạnh tranh,17-11-2023
Yes4All Trading Services Company Limited,"Mô tả Công việc Yes4All is one of the leading brands for home sporting goods & furniture in the e-commerce market. Founded in 2010, we have strived to be in the top 1% retailers on Amazon US. Based in California with an operation office in HCMC, we have more than 400 young and talented members with expert knowledge and experience in the e-commerce industry. We are on an ambitious journey to dominate not only Amazon's sporting goods market but also to enter new e-commerce markets from many regions like Canada, Europe, Japan. Besides, Home sporting goods, Furniture, Outdoor and Gardening are also great opportunities that we desire to occupy and create significant values. With our steady knowledge in E-commerce, Yes4All started to provide end to-end ecommerce-enabler service in order to help Vietnamese and global manufacturers or struggling sellers bring their products to the US & International markets. JOB DESCRIPTIONS Develop and deliver action-oriented, insightful analytics presentations that provide consultative directions to key stakeholders; Consolidate data from multiple sources including sales, supply chain, operations, marketing, and source databases to create integrated views that can be used to drive decision making; Leverage Power BI and other software applications to develop data models, conduct data analyzing and visualizing in dashboards and reports Work with/or build several large and complex databases.",Senior Business Intelligence Analyst,Hồ Chí Minh,"Yêu Cầu Công Việc SKILL AND EXPERIENCE At least 3 years’ experience in Business Intelligence or relevant role; Bachelor’s degree and above in Statistics, Business, Data Analytics, and other related fields; Strong in SQL skills; Have experience in using Python is a big plus; Ability to demonstrate a high level of verbal and written to coordinate with internal stakeholders across departments; Be opened minded, think out of the box and willing to do attitude; Experience in business intelligence in E-commerce/Fintech companies is a plus; Having knowledge in Logistics, Operation or Marketing is a plus; Entrepreneurial spirit and start-up mindset. WHY YOU WILL LOVE JOINING US? FOR YOU TO JOIN Financial Well-being: A competitive salary with 13th month salary, annual performance bonus and a variety of allowances. Salary review: annually or on excellent performance. Activities: company trips, team-building, and other customized monthly bonding events. Annual leaves: 16 days off and 01 Birthday Leave per year. Healthcare: annual health check, insurance according to Labor Law and extra PTI Insurance package. Working Environment: dynamic, friendly environments with working time flexibility (Mon-Fri), and other perks include snacks, coffee, and healthy food provided daily suited for hardworking, fun, and team collaboration. FOR YOU TO GROW Ambition: We are now keeping on with our hyper growth to multicategory, multichannel, multimarket, and expanding into the world largest e-commerce enabler. Hence, there will continuously be opportunities to challenge yourself, learn new skills and knowledge. Challenges: Your voice can always be heard as we embrace the eagerness of learning and sharing. You can be your own boss and create your own value with the ability to take initiative and make decisions in all aspects of work. Chances: Be led and coached by experienced and inspirational leaders and participate in various training courses where you can enlarge your knowledge and experience in the E-commerce and Supply Chain industry. FOR YOU TO STAY People: Having a headquarter in the US and an operation office in Vietnam, our team is young and highly motivated. You will be working with and alongside members having experiences from International Corporations or high profile from Vietnam that share the same passion and dedication. Culture: Our working environment is humble, collaborative and 100% healthy. We promote Exchange & Speak out, you can receive transparent and supportive feedback so you can perform the best. Career path: Provide you a great career path, open to rotating for your better understanding of the company and contribute across many of our functions. And much more, join us and let yourself explore other fantastic things!",Lương: Cạnh tranh,03-12-2023
Công ty Cổ phần CANIFA,"Mô tả Công việc 1.Tham gia xây dựng hệ thống báo cáo BI Thu thập nguồn dữ liệu kế hoạch hàng tháng (trên Excel hoặc Google Sheet) của các phòng ban để có nguồn dữ liệu xây dựng báo cáo Kiểm tra tính đúng đắn và chuẩn hóa dữ liệu trước khi đưa vào hệ thống Trình bày các báo cáo kinh doanh, khách hàng, hàng hóa cho hệ thống BI bằng biểu đồ hoặc hình thức minh họa hợp lý Hướng dẫn người dùng sử dụng các báo cáo của hệ thống 2. Thực hiện các báo cáo theo yêu cầu Tiếp nhận và xử lý các yêu cầu về phân tích dữ liệu Xây dựng báo cáo hoặc truy vấn dữ liệu theo yêu cầu Đề xuất giải pháp nhằm nâng cao tính cạnh tranh, cải tiến hiệu quả kinh doanh cho Công ty 3. Đảm bảo hệ thống BI vận hành liên tục Kiểm tra dữ liệu đúng, đủ và tin cậy Tham gia kiểm tra và xử lý sự cố của hệ thống BI (nếu có)",Chuyên Viên Phân Tích Dữ Liệu,Hà Nội,"Yêu Cầu Công Việc Tốt nghiệp Đại học trở lên các chuyên ngành CNTT, Phân tích dữ liệu hoặc Tài chính, Kế toán Biết sử dụng công cụ visualization để biểu diễn dữ liệu như Tableau, Power BI Có kiến thức, kỹ năng phân tích, thống kê và tổng hợp dữ liệu Biết sử dụng ngôn ngữ truy vấn CSDL Hiểu biết về eCommerce hoặc bán lẻ là lợi thế",Lương: 10 Tr - 20 Tr VND,05-12-2023
Công ty Cổ phần Đầu tư Phát triển Máy Việt Nam,"Mô tả Công việc Thu thập thông tin, viết tài liệu, quản lý các yêu cầu, tổ chức các cuộc họp, nghiên cứu tính khả thi/ phù hợp, Là cầu nối giữa các nhóm nghiệp vụ và nhóm kỹ thuật Phân tích và làm rõ các yêu cầu của các bộ phận nghiệp vụ Tài liệu hóa quy trình nghiệp vụ tiếp nhận thành tài liệu chuyển đổi số Viết các tài liệu đặc tả yêu cầu nghiệp vụ phần mềm: URD, BRD, Feature list, SRS, Tài liệu đặc tả trường hợp sử dụng ( Usecase), Thiết kế giao diện mẫu prototype Viết các tài liệu testcase, tham gia kiểm thử phần mềm Tư vấn trên góc độ nghiệp vụ dựa vào các phân tích và nghiên cứu của mình Truyền đạt nội dung, hỗ trợ các thành viên dự án, quản lý dự án để làm rõ yêu cầu của khối nghiệp vụ và khối kỹ thuật cần đáp ứng Tài liệu hóa quy trình, hướng dẫn sử dụng, tài liệu đào tạo, tài liệu kĩ thuật Tổ chức hướng dẫn, hỗ trợ cho người dùng sử dụng sản phẩm và xử lý sự cố khi vấn đề xảy ra",Chuyên Viên BA,Hà Nội,"Yêu Cầu Công Việc Tuổi từ 25-35 Có kiến thức cơ bản về nghiệp vụ phần mềm ERP Sử dụng thành thạo các phần mềm tin học văn phòng Trung thực, cẩn thận, có trách nhiệm và chủ động trong công việc Ưu tiên ứng viên có kinh nghiệm trong ngành kinh doanh xe và Logicstic QUYỀN LỢI Hưởng lương tháng thứ 13 Hưởng các chính sách, chế độ bảo hiểm theo đúng quy định của Luật lao động Việt Nam Mỗi năm có 12 ngày nghỉ phép nguyên lương Thưởng các dịp lễ lớn trong năm từ 500.000-1.000.000 Tham gia các hoạt động gắn kết nội bộ hằng quý, hằng năm, hay các dịp lễ tết, du lịch, sinh nhật, team building,.... Môi trường làm việc trẻ, năng động, chuyên nghiệp, khuyến khích sự phát triển của từng nhân viên Địa điểm làm việc Hà Nội: BT01.07, KĐT An Hưng, Dương Nội, Hà Đông, Hà Nội, Hà Đông",Lương: 15 Tr - 20 Tr VND,06-12-2023
PHU THAI CAT,"Mô tả Công việc The Parts Marketing Specialist is responsible for identifying and implementing Parts Marketing Strategy in order to increase Caterpillar Parts sales, profitability and customer satisfaction. 1. Prepare market surveys including the gathering of data, carrying out preliminary analysis and preparing reports on Product Support opportunities. Analyze problems / opportunities and recommend sales strategies to improve Parts sales efforts. 2. Assist with concept initiation, designing, preparation, implementation and control of sales marketing Strategies specifically related to the company Product Support marketing Strategies for BU(Machinery & Mining). 3. Develop and Implement actions of PS marketing programs and incentives as Champion 4. Work with BU to make monthly reports on marketing programs status to monitor/follow up and submit to Marketing Manager/Director, provides regular updates to Caterpillar district reps thru Marketing Manager, and information about competitive pricing and parts to develop value comparisons. 5. Analyze and report significant competitive activities affecting sales of relevant Caterpillar parts. 6. Pay regular visit to branches and customers sites to gather sales and market information. 7. Develop and maintain rapport with Business Units and Support Groups in order to maximize PS sales. 8. Developing Marketing & promotional materials, implementing Advertising & promotional programs relating to the company’s product Support activities. 9. Provide product expertise to assist PSSRs in their sales efforts, organize marketing program roll –out, Work with Training Department to improve sales effectiveness of PSSRs. 10. Develop and maintain detailed information concerning product usage and practices; product sales / technical library. 11. Make regular claim for rebate/refund/part Sales credit for PS marketing support programs..",Parts Marketing Specialist,Hà Nội,"Yêu Cầu Công Việc University Degree in Engineering or Marketing Minimum 3 years of selling or marketing experience Good “people” skills Be careful Problem solving capability Well developed written and oral communication skills, in Vietnamese and English Computer literate",Lương: Cạnh tranh,10-12-2023
CareerBuilder's client,"Mô tả Công việc Job Objective: Building a platform with strong architecture Be part of the data & and analytics center of excellence (CoE) working on a wide range of data infrastructure and data engineering projects across Key Responsibilities 1. Data Architecture: Architects, Designs, Builds, Develops, Maintains, and Implements new data systems where needed, the Architecture with best practices and data infrastructure reliable and scalable. Responsible for deploying secure and well-tested software that meets privacy and compliance requirements, and maintains and improves CI / CD pipeline. Proactively drive the effort of identifying opportunities to manage data and provide data solutions. Evaluate various data architectures in the market and utilize them to develop data solutions to meet business requirements. Drive the delivery of data products and services into systems and business processes in compliance with internal regulatory requirements. Oversee the review of internal and external business and product requirements for data operations and activity and suggest changes and upgrades to systems and storage to accommodate ongoing needs 2. Data Integration: Review and analyze existing data systems, and make recommendations on improvement, maintenance, or other factors to improve the system, automate manual processes, optimize data delivery, and re-design infrastructure for scale and performance and greater scalability Monitoring and quality assurance within the system (Server/ Services/ETL /Networking/Security). Design, build, and maintain optimized data pipelines and ETL solutions as business support tools in providing analysis and real-time analytics platforms for critical decision-making, support of data and analytics projects, integrating new sources of data into our central data warehouse to meet business requirements, and experience building and optimizing ‘big data’ architectures for read-and-write performance. Ensure data assets are organized and stored efficiently so that information is high quality, reliable, flexible, and efficient. Manage and enhance to ensure that DWH, Data mart and BI tools work stably through aligned business/ system/ and data processes. Ensure data is accessible to the required personnel to ensure the ease of understanding and access to the data needed to make informed business decisions. Experience with building reports and data visualizations, using data from the data warehouse or other sources and mapping are helpful (but not required) 3. Project Management: The role plays is highly collaborative and, as such, works closely with data analysts, data scientists, and other data consumers within the business. Establishes the documentation of reports, data infrastructure, privacy controls and develops, maintains technical specification documentation, and processes, and effectively manages data systems that have the relevant security. Work with team leads to resolve people problems and projects to ensure maximum productivity. Understand business and technical requirements and constraints to design effective software solutions. Strong stakeholder management and collaboration with them to understand user requirements Effective time management skills, including demonstrated ability to manage and prioritize multiple tasks and projects. Experience working in Agile teams to lead successful digital transformation projects, having mastered Agile principles, practices, and Scrum methodologies",Senior Data Engineer,Hồ Chí Minh,"Yêu Cầu Công Việc Bachelor’s degree (or higher) in Computer Science, Software Engineering or Information Technology, MIS, Economics, Finance, Statistics, Mathematics, or a related field (Financial Services, Banking, Insurance, Securities). At least 3 years experience (typically 5+ years) in Data Engineering and ETL and Analytics tools (R, Python, Pentaho, dbt…) and BI&A Visualization systems (Metabase, Power BI, OBIEE, SAS VA, IBM, Yellowfin, Tableau, Qlik …), and In-depth knowledge of BI technologies, methodologies, and their application like Metabase, PowerBI, Tableau, Looker etc Experience with building data pipelines from various business applications like Salesforce, Marketo, NetSuite, Workday, Odoo,… and databases (MsSQL, Oracle, IBM, SAP, MySQL, AWS Redshift). Experience designing and implementing large-scale distributed data pipelines and working with cloud infrastructure services like AWS/GCP/Azure (preferably AWS), (Big Query, Data Flow, Amazon EKS, EMR, Docker/ECS, and Redshift.) Experience with the LAN or VLAN, and digital organizing tools, like Active Directory Action Network, ActionKit, or Blue State Digital, is a plus (but not required). Experience with big data tools: Hadoop, Spark, Kafka, Spark & Kafka Streaming, Python, Scala, Talend, Azkaban, Luigi, Airflow etc Good at math and Advanced SQL knowledge and experience working with relational databases as well as working familiarity with a variety of databases is a big plus. Good report-writing skills Ability to communicate in English. Benefit: Full social insurance following Vietnamese Law 100% salary during probationary period Personal health and spouse insurance Annual leave, Annual heath-check Professional and Transparent working environment Buying company products at a reduced and with promotional offers",Lương: Cạnh tranh,07-12-2023
CÔNG TY CỔ PHẦN CHỨNG KHOÁN ASEAN,"Mô tả Công việc Xây dựng các sản phẩm phân tích, tư vấn đầu tư,dự báo mức định giá và xu hướng chi phí đầu tư. Viết báo cáo công ty và báo cáo ngành cung cấp góc nhìn thấu đáo, sáng tạo, xác định cơ hội đầu tư cho khách hàng. Tổ chức các hoạt động hỗ trợ nhà đầu tư qua chương trình, kênh đào tạo, các sản phẩm phân tích cơ bản và chuyên sâu. Tham gia các Dự án xây dựng cơ sở dữ liệu phân tích và phát triển hệ thống thông tin quản lý, các hoạt động nghiên cứu – phát triển sản phẩm phân tích. Tham gia các hoạt động truyền thông xây dựng hình ảnh và thương hiệu của Công ty trên các kênh truyền thông. Các công việc khác theo yêu cầu của Ban lãnh đạo.",CVC/CVCC Phân Tích Ngành,Hà Nội,"Yêu Cầu Công Việc Tối thiểu 3 năm kinh nghiệm tại vị trí tương đương trong lĩnh vực chứng khoán Có chứng chỉ hành nghề Môi giới Chứng khoán trở lên. Ưu tiên ứng viên có CFA Charter Holder, ACCA, CPA, CMT. Am hiểu ngành, doanh nghiệp trên thị trường và phân tích tốt. Kỹ năng giao tiếp, thuyết trình, viết báo cáo với tính thuyết phục cao.",Lương: Cạnh tranh,17-11-2023
Ngân Hàng TMCP Việt Nam Thịnh Vượng - VPBANK,"Mô tả Công việc VPBank hiện là một trong những Ngân hàng có tốc độ tăng trưởng nhanh nhất tại Việt Nam, cung cấp đa dạng các dịch vụ và được nhiều khách hàng tin dùng. VPBank đặc biệt chú ý đến việc nâng cao hiệu quả hoạt động qua việc phân tích các dữ liệu kinh doanh. Vị trí này đóng vai trò làm việc với các đơn vị kinh doanh và các các Phòng/ Trung tâm khác trong nội bộ Khối Quản trị và Phân tích dữ liệu (EAD) để phân tích các bộ dữ liệu phức tạp, tìm kiếm các hiểu biết sâu sắc về hành vi khách hàng và đưa ra các khuyến nghị tương ứng. 1. Hỗ trợ quản lý và định hướng Phòng Khoa học dữ liệu trong việc áp dụng các kỹ thuật phân tích nâng cao, tìm ra hành vi khách hàng, giải quyết các vấn đề kinh doanh thực tế: Chủ động triển khai và dẫn dắt các dự án phân tích dữ liệu phục vụ hoạt động kinh doanh Áp dụng các kỹ thuật phân tích nâng cao, đưa ra các hiểu biết sâu sắc về hành vi của khách hàng, qua đó giúp giải quyết các vấn đề kinh doanh thực tế. Tìm kiếm các hiểu biết sâu sắc về hành vi khách hàng bằng các kỹ thuật khai phá dữ liệu khác nhau Phát triển mô hình học máy, giúp các đơn vị kinh doanh dự báo các vấn đề kinh doanh khác nhau như dự báo khách hàng ngừng sử dụng dịch vụ, bán chéo sản phẩm cho khách hàng hiện tại Tự động hóa quy trình phân tích Hướng dẫn, đào tạo các thành viên trong phòng 2. Nghiên cứu và học hỏi các kỹ thuật phân tích nâng cao mới Nghiên cứu các phương pháp mới trong lĩnh vực phân tích, khai phá dữ liệu và dự báo 3. Hỗ trợ các Phòng/ Trung tâm khác trong các bài toán phân tích dữ liệu nâng cao Làm việc với các phòng/ trung tâm khác trực thuộc EDA cũng như các đơn vị kinh doanh để nắm rõ các vấn đề và thực hiện các phân tích chuyên sâu và dự báo khi cần thiết Hỗ trợ đào tạo thành viên khác trong lĩnh vực phân tích dữ liệu",Data Scientist Senior/Expert - Hà Nội - TA139,Hà Nội,"Yêu Cầu Công Việc Yêu cầu công việc Tốt nghiệp Đại học hoặc cao hơn chuyên nghành toán, thống kê, kinh tế, ngân hàng, tài chính, khoa học máy tính, kỹ thuật phần mềm… Tối thiểu 3-5 năm làm việc trong lĩnh vực phân tích dữ liệu, mô hình học máy, học sâu. Ưu tiên các ứng viên có kinh nghiệm tại ngân hàng Có hiểu biết sâu sắc và có kinh nghiệm làm việc với các mô hình thống kê, dự báo, các thuật toán học máy, các kỹ thuật phân tích nâng cao Thành thạo SQL, Excel và ngôn ngữ phân tích dữ liệu R hoặc Python Thích nghiên cứu, học hỏi các phương pháp và kỹ thuật phân tích chuyên sâu để phục vụ tối ưu kết quả kinh doanh. Quyền lợi: Thu nhập hấp dẫn, lương thưởng cạnh tranh theo năng lực (16-18 tháng lương/năm) Thưởng các Ngày lễ, Tết cạnh tranh Được vay ưu đãi với lãi suất hấp dẫn theo quy định của ngân hàng Chế độ ngày phép 12-18 ngày phép/năm theo cấp bậc Bảo hiểm sức khỏe VPBank care cho CBNV theo cấp bậc Được tham gia các khóa đào tạo tùy thuộc vào Khung đào tạo cho từng vị trí Thời gian làm việc: từ thứ 2 – thứ 6 & 02 sáng thứ 7/ tháng",Lương: Cạnh tranh,26-11-2023
Ngân hàng Việt Nam Thương Tín,"MÔ TẢ CÔNG VIỆC: - Quản lý hoạt động của hệ thống CSDL toàn ngân hàng bao gồm các hệ thống CSDL: Oracle, SQL server, MySQL, … - Cài đặt và nâng cấp các hệ quản trị Cơ sở dữ liệu - Thực hiện quản lý sao lưu và phục hồi CSDL - Giám sát hoạt động các hệ thống CSDL và máy chủ CSDL, nhằm đảm bảo cung cấp tính khả dụng - Điều chỉnh hiệu suất, khắc phục sự cố cơ sở dữ liệu, phối hợp với phát triển ứng dụng để cơ sở dữ liệu hoạt động hiệu quả. - Xây dựng chính sách sử dụng, đảm bảo tính bảo mật dữ liệu - Phối hợp với các bên liên quan để phân tích chẩn đoán sự cố, giải quyết lỗi phát sinh liên quan hệ thống CSDL - Review package, procedure, trigger... khi có yêu cầu YÊU CẦU HỌC VẤN: - Tốt nghiệp đại học, chuyên ngành có liên quan: Công nghệ Thông tin - Tiếng Anh: Trình độ B trở lên hoặc tương đương (nghiên cứu tài liệu chuyên ngành) - Có chứng chỉ OCA, OCP của Oracle, MS SQL Server hoặc tương đương là một lợi thế",CV/NV QUẢN TRỊ CƠ SỞ DỮ LIỆU (DBA) - KHỐI CNTT,Hồ Chí Minh,"Yêu Cầu Công Việc YÊU CẦU KINH NGHIỆM/KIẾN THỨC: - Có ít nhất 01 năm kinh nghiệm Quản trị hệ thống CSDL Oracle, SQL Server, ... - Có kiến thức nhưng không giới hạn về MySQL, MongoDB, … - Có kiến thức về giải pháp Oracle HA, Oracle RAC, Oracle Data Guard, replication, v.v. - Có kiến thức về hệ điều hành máy chủ, mạng, bảo mật thông tin - Cần có kinh nghiệm trong việc phân tích, điều chỉnh hiệu suất các câu lệnh SQL - Có khả năng viết package, procedure, trigger, ... - Kỹ năng viết kịch bản shell là một lợi thế - Đã có kinh nghiệm làm việc với một trong các hệ thống Cloud là lợi thế CÁC YÊU CẦU KHÁC: - Kỹ năng: Lập kế hoạch, Làm việc độc lập, làm việc nhóm - Khả năng: Chịu được áp lực công việc, Giao tiếp tốt, Nghiên cứu - Phẩm chất: Trung thực, cẩn thận, tinh thần trách nhiệm, chịu khó học hỏi, hướng tới hiệu quả công việc - Tính cách: Vui vẻ, hòa đồng, nhanh nhẹn NƠI LÀM VIỆC: - Hội sở - 62A CMT8, P. Võ Thị Sáu, Quận 03, HCMC",Lương: 10 Tr - 30 Tr VND,28-11-2023
Ngân Hàng TMCP Việt Nam Thịnh Vượng - VPBANK,"Mô tả Công việc VPBank hiện là một trong những Ngân hàng có tốc độ tăng trưởng nhanh nhất tại Việt Nam, cung cấp đa dạng các dịch vụ và được nhiều khách hàng tin dùng. VPBank đặc biệt chú ý đến việc nâng cao hiệu quả hoạt động qua việc phân tích các dữ liệu kinh doanh. Vị trí này đóng vai trò làm việc với các đơn vị kinh doanh và các các Phòng/ Trung tâm khác trong nội bộ Khối Quản trị và Phân tích dữ liệu (EAD) để phân tích các bộ dữ liệu phức tạp, tìm kiếm các hiểu biết sâu sắc về hành vi khách hàng và đưa ra các khuyến nghị tương ứng. 1. Hỗ trợ quản lý và định hướng Phòng Khoa học dữ liệu trong việc áp dụng các kỹ thuật phân tích nâng cao, tìm ra hành vi khách hàng, giải quyết các vấn đề kinh doanh thực tế: Chủ động triển khai và dẫn dắt các dự án phân tích dữ liệu phục vụ hoạt động kinh doanh Áp dụng các kỹ thuật phân tích nâng cao, đưa ra các hiểu biết sâu sắc về hành vi của khách hàng, qua đó giúp giải quyết các vấn đề kinh doanh thực tế. Tìm kiếm các hiểu biết sâu sắc về hành vi khách hàng bằng các kỹ thuật khai phá dữ liệu khác nhau Phát triển mô hình học máy, giúp các đơn vị kinh doanh dự báo các vấn đề kinh doanh khác nhau như dự báo khách hàng ngừng sử dụng dịch vụ, bán chéo sản phẩm cho khách hàng hiện tại Tự động hóa quy trình phân tích Hướng dẫn, đào tạo các thành viên trong phòng 2. Nghiên cứu và học hỏi các kỹ thuật phân tích nâng cao mới Nghiên cứu các phương pháp mới trong lĩnh vực phân tích, khai phá dữ liệu và dự báo 3. Hỗ trợ các Phòng/ Trung tâm khác trong các bài toán phân tích dữ liệu nâng cao Làm việc với các phòng/ trung tâm khác trực thuộc EDA cũng như các đơn vị kinh doanh để nắm rõ các vấn đề và thực hiện các phân tích chuyên sâu và dự báo khi cần thiết Hỗ trợ đào tạo thành viên khác trong lĩnh vực phân tích dữ liệu",Data Scientist Senior/Expert - Hà Nội - TA139,Hà Nội,"Yêu Cầu Công Việc Yêu cầu công việc Tốt nghiệp Đại học hoặc cao hơn chuyên nghành toán, thống kê, kinh tế, ngân hàng, tài chính, khoa học máy tính, kỹ thuật phần mềm… Tối thiểu 3-5 năm làm việc trong lĩnh vực phân tích dữ liệu, mô hình học máy, học sâu. Ưu tiên các ứng viên có kinh nghiệm tại ngân hàng Có hiểu biết sâu sắc và có kinh nghiệm làm việc với các mô hình thống kê, dự báo, các thuật toán học máy, các kỹ thuật phân tích nâng cao Thành thạo SQL, Excel và ngôn ngữ phân tích dữ liệu R hoặc Python Thích nghiên cứu, học hỏi các phương pháp và kỹ thuật phân tích chuyên sâu để phục vụ tối ưu kết quả kinh doanh. Quyền lợi: Thu nhập hấp dẫn, lương thưởng cạnh tranh theo năng lực (16-18 tháng lương/năm) Thưởng các Ngày lễ, Tết cạnh tranh Được vay ưu đãi với lãi suất hấp dẫn theo quy định của ngân hàng Chế độ ngày phép 12-18 ngày phép/năm theo cấp bậc Bảo hiểm sức khỏe VPBank care cho CBNV theo cấp bậc Được tham gia các khóa đào tạo tùy thuộc vào Khung đào tạo cho từng vị trí Thời gian làm việc: từ thứ 2 – thứ 6 & 02 sáng thứ 7/ tháng",Lương: Cạnh tranh,03-12-2023
Công Ty CP Vàng Bạc Đá Quý Phú Nhuận - PNJ,"Mô tả Công việc 1) Nghiên cứu, xây dựng và áp dụng các mô hình học máy trong việc giải quyết các vấn đề đòi hỏi lượng dữ liệu lớn và mô hình phức tạp: Nghiên cứu, phân tích sự tương quan của các hoạt động Thử nghiệm, đánh giá, đề xuất các mô hình phân tích phù hợp Áp dụng các mô hình, thuật toán vào giải các bài toán phức tạp của doanh nghiệp. Xây dựng và phát triển các sản phẩm và ứng dụng vào thực tế 2) Nâng cao tính tự động hóa và tối ưu hóa trong các hoạt động thu thập và khai thác dữ liệu: Xây dựng các phương án tự động hóa việc thu thập thông tin Xây dựng các phương án tự động hóa việc phát hiện cơ hội, rủi ro Xây dựng các phương án tự động hóa việc cảnh báo, nhắc nhở Xây dựng các phương án tối ưu hóa hoạt động kinh doanh vận hành 3) Phối hợp với các đội ngũ phân tích trong việc khai phá dữ liệu: Phối hợp trong việc khai phá và định nghĩa dữ liệu Phối hợp trong việc tìm kiếm insights dữ liệu",Data Science Expert,Hồ Chí Minh,"Yêu Cầu Công Việc Tốt nghiệp Đại Học trở lên chuyên ngành Data Science, Information System hoặc các ngành khác liên quan Trên 5 năm kinh nghiệm về Data Science, Machine Learning Có kỹ năng trong các ngôn ngữ lập trình và machine learning, đặc biệt là python Có kinh nghiệm làm việc với các machine learning framework Viết thành thạo các thuật toán/mô hình và biết khi nào nên áp dụng chúng. Có minh chứng trong việc xây dựng các mô hình, và áp dụng thành công trong các doanh nghiệp Có kinh nghiệm thiết kế giải pháp Có kinh nghiệm về Dữ liệu lớn và đám mây (AWS, Azure, ...) là lợi thế Tư duy hệ thống, logic, linh hoạt, thích tìm tòi và thử nghiệm, think outside the box Có tinh thần tự giác và ham học hỏi các công nghệ, kỹ thuật mới. Thông tin liên hệ: Ms.Hoài Anh: anh.nth13@pnj.com.vn",Lương: Cạnh tranh,03-12-2023
Ngân Hàng TMCP Tiên Phong (TPBank),"Mô tả Công việc Mục đích chức danh Nhận diện các bài toán có tiềm năng ứng dụng phân tích dữ liệu, phân tích nâng cao tại các đơn vị nghiệp vụ trong ngân hàng, đề xuất phương pháp tiếp cận và giải quyết bài toán trong thực tế; Phân tích nghiệp vụ, quy trình ra quyết định tại mỗi đơn vị nghiệp vụ để phân rã các chiến lược, chiến thuật, quyết định vận hành thành các chỉ tiêu đo lường/các chiều cần theo dõi của các cấp ra quyết định để thiết kế hệ thống báo cáo giúp theo dõi thường xuyên tình hình hoạt động/vận hành, hỗ trợ quá trình ra quyết định một cách kịp thời, nhanh chóng và chính xác; Trực tiếp xây dựng các báo cáo vận hành/quản trị (Performance Dashboard) có độ phức tạp cao (tích hợp nhiều nguồn dữ liệu, chỉ tiêu tính toán phức tạp); hỗ trợ, tư vấn và đào tạo cho người dùng nghiệp vụ đối với các báo cáo BI đơn giản theo hướng self-service. Mô tả công việc Trao đổi, phỏng vấn và tìm hiểu quy trình nghiệp vụ, quy trình ra quyết định tại mỗi đơn vị để làm rõ tất cả các nhu cầu thông tin tại mỗi cấp ra quyết định trong hoạt động kinh doanh/vận hành tại đơn vị nghiệp vụ; Dựa trên nhu cầu thông tin được làm rõ, xác định các chỉ tiêu đo lường, các chiều cần theo dõi cũng như mô hình hóa các chỉ tiêu/các chiều này một cách hệ thống và trực quan (dimensional modelling); Trực tiếp xây dựng các báo cáo vận hành/quản trị (Performance Dashboard) có độ phức tạp cao (tích hợp nhiều nguồn dữ liệu, chỉ tiêu tính toán phức tạp) theo các chỉ tiêu/các chiều cần được theo dõi dựa trên phân tích nghiệp vụ và quy trình; Hỗ trợ, tư vấn và đào tạo cho người dùng nghiệp vụ đối với các báo cáo BI đơn giản theo hướng self-service; Tiếp nhận nhu cầu khai thác dữ liệu từ các đơn vị nghiệp vụ, tư vấn cách thức khai thác phù hợp với quy định quản trị dữ liệu, quy hoạch kiến trúc về dữ liệu theo từng thời kỳ; Quản trị khai thác dữ liệu của các đơn vị nghiệp vụ phù hợp, nghiên cứu và đề xuất các phương án khai thác dữ liệu, công nghệ/công cụ khai thác dữ liệu mới phù hợp với xu thế phát triển của lĩnh vực CNTT.",Chuyên viên/Chuyên viên chính phân tích dữ liệu kinh doanh (BI analytics),Hà Nội,"Yêu Cầu Công Việc Yêu cầu Có kinh nghiệm ít nhất 01 năm trong lĩnh vực phân tích dữ liệu; Có kỹ năng xử lý dữ liệu tốt (bao gồm dữ liệu có cấu trúc và bán cấu trúc), có kinh nghiệm sử dụng Python là lợi thế; Có kinh nghiệm sử dụng công cụ BI để xây dựng/trực quan hóa các báo cáo dashboard, ưu tiên ứng viên có kinh nghiệm sử dụng Power BI, IBM Cognos Analytics hoặc Qlik Sense; Ưu tiên ứng viên đã có kinh nghiệm thiết kế các chỉ tiêu/các chiều cần theo dõi của Performance Dashboard theo hướng mô hình hóa chiều dữ liệu (dimensional modelling); Có kỹ năng phân tích và tổng hợp thông tin tốt; Cẩn thận, tỉ mỉ, làm việc tốt dưới áp lực; Ưu tiên các ứng viên có kinh nghiệm tham gia triển khai các dự án liên quan tới phân tích dữ liệu làm việc các ngân hàng thương mại; Kỹ năng ngôn ngữ và diễn đạt văn bản tốt; sử dụng thành thạo tiếng Việt và có khả năng giao tiếp bằng tiếng Anh. Quyền lợi Thử việc 100% lương, thu nhập khoảng 15-18 tháng/năm Thưởng dự án và thưởng cuối năm cao Môi trường làm việc sáng tạo, hiện đại, quản lý theo tiến độ và hiệu quả công việc, giờ làm việc linh hoạt Đội ngũ lãnh đạo thân thiện, hòa đồng, quan tâm đến sự phát triển của các cá nhân Nhân viên được đào đạo tận tình các kĩ năng mềm và nghiệp vụ chuyên sâu Không khí vui vẻ, nhiều đồng nghiệp trẻ trung, năng động Nhiều hoạt động tập thể lý thú và ý nghĩa: bóng đá, karaoke, đi phượt, du lịch, từ thiện hàng năm Trợ cấp thai sản cho nhân viên nữ Tổ chức khám sức khỏe tổng quát định kỳ hàng năm, mua thêm gói bảo hiểm sức khỏe cho nhân viên ngoài Bảo hiểm y tế",Lương: Cạnh tranh,05-12-2023
CÔNG TY TÀI CHÍNH BƯU ĐIỆN,"Mô tả Công việc 1. Chịu trách nhiệm quản trị và vận hành các hoạt động liên quan đến cơ sở dữ liệu như lên kế hoạch, cài đặt, cấu hình, tối ưu, backup, security, v.v. nhằm đảm bảo hệ thống luôn sẵn sàng cho người dùng truy cập. 2. Định kỳ lập báo cáo về chất lượng dữ liệu toàn hàng và đề xuất các biện pháp cải thiện phù hợp. Thực hiện xây dựng, vận hành và quản trị về mặt nghiệp vụ hệ thống quản lý chất lượng dữ liệu; 3. Đảm bảo hệ thống cơ sở dữ liệu hoạt động 24/7 với thời gian downtime thấp nhất; 4. Tìm, phân tích (troubleshooting) và xử lý các lỗi liên quan đến cơ sở dữ liệu. 5. Chịu trách nhiệm chính cho việc quản trị phần mềm lớp giữa bao gồm: Websphere, WebLogic, JBoss, Tomcat, IIS, … 6. Thực hiện các công việc được giao liên quan đến: Cài đặt, cấu hình, theo dõi, xử lý sự cố và hỗ trợ các hạ tầng liên quan đến các ứng dụng lớp giữa và hệ quản trị cơ sở dữ liệu. 7. Đánh giá và đề xuất các công nghệ cơ sở dữ liệu mới.",Chuyên viên Quản trị cơ sở dữ liệu (Database Administrator),Hà Nội,"Yêu Cầu Công Việc Tốt nghiệp Đại học trở lên chuyên ngành CNTT hoặc bằng cấp tương đương. Kinh nghiệm làm việc: 02 năm trong lĩnh vực quản lý dữ liệu/ quản trị cơ sở dữ liệu. Trong đó có kinh nghiệm làm việc trong tổ chức tín dụng, Ngân hàng, doanh nghiệp có quy mô lớn (> 1500 nhân viên) là 1 lợi thế. Hiểu biết về các hệ thống công nghệ thông tin ứng dụng trong hoạt động Ngân hàng, tài chính; Am hiểu các mô hình hoạt động của hệ quản trị cơ sở dữ liệu: Sao lưu, phục hồi dữ liệu tại thời điểm bất kỳ; Oracle RAC, Oracle data guard, Enterprise Manager, Oracle GoldenGate; Replication (realtime) Tuning Có kinh nghiệm làm việc quản trị các phần mềm hệ thống Middleware như WebLogic, JBOSS, Tomcat, IIS. Có kinh nghiệm làm việc trên các hệ thống: Linux, UNIX, AIX, Redhat Có kiến thức, kinh nghiệm về quản lý dịch vụ CNTT (ITMS, ITIL) Có kiến thức, kinh nghiệm về bảo mật dữ liệu (PII, PCIDSS) Có Các bằng cấp/ chứng chỉ như: OCA và OCP là một lợi thế. Đọc hiểu tài liệu Tiếng Anh",Lương: 18 Tr - 23 Tr VND,02-12-2023
Ngân Hàng TMCP Việt Nam Thịnh Vượng - VPBANK,"Mô tả Công việc VPBank hiện là một trong những Ngân hàng có tốc độ tăng trưởng nhanh nhất tại Việt Nam, cung cấp đa dạng các dịch vụ và được nhiều khách hàng tin dùng. VPBank đặc biệt chú ý đến việc nâng cao hiệu quả hoạt động qua việc phân tích các dữ liệu kinh doanh. Vị trí này đóng vai trò làm việc với các công ty thành viên trong hệ sinh thái của VPBank và các các Phòng/ Trung tâm khác trong nội bộ Khối Quản trị và Phân tích dữ liệu (EAD) để phân tích các bộ dữ liệu phức tạp, tìm kiếm các hiểu biết sâu sắc về hành vi khách hàng và đưa ra các khuyến nghị tương ứng. 1. Hỗ trợ quản lý và định hướng Phòng Khoa học dữ liệu trong việc áp dụng các kỹ thuật phân tích nâng cao, tìm ra hành vi khách hàng, giải quyết các vấn đề kinh doanh thực tế: Chủ động triển khai và dẫn dắt các dự án phân tích dữ liệu phục vụ hoạt động kinh doanh Áp dụng các kỹ thuật phân tích nâng cao, đưa ra các hiểu biết sâu sắc về hành vi của khách hàng, qua đó giúp giải quyết các vấn đề kinh doanh thực tế. Tìm kiếm các hiểu biết sâu sắc về hành vi khách hàng bằng các kỹ thuật khai phá dữ liệu khác nhau Phát triển mô hình học máy, giúp các đơn vị kinh doanh dự báo các vấn đề kinh doanh khác nhau như dự báo khách hàng ngừng sử dụng dịch vụ, bán chéo sản phẩm cho khách hàng hiện tại Tự động hóa quy trình phân tích Hướng dẫn, đào tạo các thành viên trong phòng 2. Nghiên cứu và học hỏi các kỹ thuật phân tích nâng cao mới Nghiên cứu các phương pháp mới trong lĩnh vực phân tích, khai phá dữ liệu và dự báo 3. Hỗ trợ các Phòng/ Trung tâm khác trong các bài toán phân tích dữ liệu nâng cao Làm việc với các phòng/ trung tâm khác trực thuộc EDA cũng như các đơn vị kinh doanh để nắm rõ các vấn đề và thực hiện các phân tích chuyên sâu và dự báo khi cần thiết Hỗ trợ đào tạo thành viên khác trong lĩnh vực phân tích dữ liệu",Data Scientist Senior/Expert - Hà Nội - TA139,Hà Nội,"Yêu Cầu Công Việc Yêu cầu công việc Tốt nghiệp Đại học hoặc cao hơn chuyên nghành toán, thống kê, kinh tế, ngân hàng, tài chính, khoa học máy tính, kỹ thuật phần mềm… Tối thiểu 3-5 năm làm việc trong lĩnh vực phân tích dữ liệu, mô hình học máy, học sâu. Ưu tiên các ứng viên có kinh nghiệm tại ngân hàng Có hiểu biết sâu sắc và có kinh nghiệm làm việc với các mô hình thống kê, dự báo, các thuật toán học máy, các kỹ thuật phân tích nâng cao Thành thạo SQL, Excel và ngôn ngữ phân tích dữ liệu R hoặc Python Thích nghiên cứu, học hỏi các phương pháp và kỹ thuật phân tích chuyên sâu để phục vụ tối ưu kết quả kinh doanh. Quyền lợi: Thu nhập hấp dẫn, lương thưởng cạnh tranh theo năng lực (16-18 tháng lương/năm) Thưởng các Ngày lễ, Tết cạnh tranh Được vay ưu đãi với lãi suất hấp dẫn theo quy định của ngân hàng Chế độ ngày phép 12-18 ngày phép/năm theo cấp bậc Bảo hiểm sức khỏe VPBank care cho CBNV theo cấp bậc Được tham gia các khóa đào tạo tùy thuộc vào Khung đào tạo cho từng vị trí Thời gian làm việc: từ thứ 2 – thứ 6 & 02 sáng thứ 7/ tháng",Lương: Cạnh tranh,07-12-2023
Công Ty Cổ phần Tài Việt (Vietstock.vn),"Mô tả Công việc - Kiểm tra, nhập dữ liệu thị trường, thông tin doanh nghiệp, sự kiện hoạt động trên thị trường tài chính – chứng khoán. - Xử lý dữ liệu báo cáo tài chính, đảm bảo dữ liệu được nhập chính xác, kịp thời và đầy đủ. - Tính toán, xử lý, chuẩn hóa, kiểm tra tính chính xác của dữ liệu tài chính và chứng khoán - Phát triển các loại dữ liệu, tham gia dự án công cụ đầu tư chứng khoán - Trợ giúp trong công tác phân tích nhu cầu và chào bán dữ liệu đến khách hàng một cách hiệu quả. - Các công việc khác theo sự phân công của Quản lý Phòng.",CHUYÊN VIÊN XỬ LÝ DỮ LIỆU TÀI CHÍNH CHỨNG KHOÁN,Hồ Chí Minh,"Yêu Cầu Công Việc Trình độ học vấn/chuyên môn: Tốt nghiệp các ngành kinh tế, tài chính, ngân hàng, kế toán-kiểm toán, đầu tư chứng khoán... Đam mê trong lĩnh vực tài chính chứng khoán. Kiến thức: Hiểu biết căn bản về thị trường chứng khoán (được phổ biến) Hiểu biết các thành phần của Báo cáo tài chính, cách tính toán các chỉ số tài chính, các thông tin dữ liệu chứng khoán (được phổ biến) Hiểu biết về các hàm Excel để tính toán, Kỹ năng: Tư duy logic, tư duy phân tích số liệu Cẩn thận, tỉ mỉ, trung thực Làm việc độc lập, làm việc nhóm Kinh nghiệm: Có từ 2 năm kinh nghiệm trong lĩnh vực liên quan. Hoặc ứng viên có kinh nghiệm về chứng khoán, xử lý dữ liệu chứng khoán",Lương: 10 Tr - 15 Tr VND,08-12-2023
Hanwha Life Insurance Company Limited (Vietnam),"Mô tả Công việc Applying knowledge of programming techniques and computer systems for evaluates user request for new or modified program or change request to: Analyze the business need and impact of new products and services on the system and suggest solutions. Analyze the impact of the current functionalities in the systems as a statistical study of traffic patterns, system performance impact, data impact… Determine feasibility, cost, and time required compatibility with the current system, and computer capabilities. Consult with end-users to identify current operating procedures and clarify program objectives. Find and learn ways via trending practices from periodicals forums, and technical reports, articles to develop programs that meet user requirements and compatibility with the current systems. Do database design, and functional design by stored procedure based on user requirement document (URD) and business specifications document (BSD) Coding to meet user requirements based on BSD with the main program language used being Oracle Database PL/SQL Write technical documents after application development, logic coding, and corrections Write guide documents for deployment to all environments as SIT, UAT, production (PRD) systems. Self-deploy to development/UAT systems, and support infrastructure to deploy to PRD Do unit testing, support end-users for testing in all stages Benifits: Competitive salary (100% salary during probation). Bonus: 13th-month salary and the performance-based bonus of up to 30% of the total annual package. Full social insurance, personal accidental & health care insurance, group life insurance (death and dismemberment). Provide an advanced Health Medical pre-check-up from the 1st week of your probation. Gifts for new comers and on special occasions Modern facilities in the spacious office 15 Annual leaves",Program Analyst Senior Executive (Database Developer),Hồ Chí Minh,"Yêu Cầu Công Việc Graduated University/ College Having ability to design system and system architecture. Skills in programming & business are required More than 7 years of IT development experience and more than 4 years of development experience Have more than more +3 years of working in industries are Insurance, Finance, Securities, Banking, Manufacturing, E-commerce and a deep understanding of these industries. Over 5 years of experience in Java web development, information architecture, and related concepts and technologies, with a focus on Java framework (Strut2, Java Spring Boots, Java Spring MVC..) Over 3 years of experience in Web services development (REST/SOAP). Over 2 years experiences in Front End development with CSS3, HTML/ HTML5, Bootstrap, JS, Jquery… Have knowledge of Java technologies like Java framework like Spring Boots/ Spring MVC/Hibernate/Strut2… Good knowledge of object-oriented system design and software development processes. Have more experience in software architecture and model design like Micro Services, Multi-Tenant, and SaaS Have more experience in development with MVC Model, DDD (domain-driven design) model… Have more than 02 years of working with Database Oracle/MS SQL in Database Design and Database development. Understanding and using to deploy middleware systems like Message Queue, Cache, Log, and API Gateway is a plus. .Net knowledge is preferred",Lương: 22 Tr - 33 Tr VND,30-11-2023
MOVI Việt Nam,"Mô tả Công việc Job Objective: Building a platform with strong architecture Be part of the data & and analytics center of excellence (CoE) working on a wide range of data infrastructure and data engineering projects across Key Responsibilities 1. Data Architecture: Architects, Designs, Builds, Develops, Maintains, and Implements new data systems where needed, the Architecture with best practices and data infrastructure reliable and scalable. Responsible for deploying secure and well-tested software that meets privacy and compliance requirements, and maintains and improves CI / CD pipeline. Proactively drive the effort of identifying opportunities to manage data and provide data solutions. Evaluate various data architectures in the market and utilize them to develop data solutions to meet business requirements. Drive the delivery of data products and services into systems and business processes in compliance with internal regulatory requirements. Oversee the review of internal and external business and product requirements for data operations and activity and suggest changes and upgrades to systems and storage to accommodate ongoing needs 2. Data Integration: Review and analyze existing data systems, and make recommendations on improvement, maintenance, or other factors to improve the system, automate manual processes, optimize data delivery, and re-design infrastructure for scale and performance and greater scalability Monitoring and quality assurance within the system (Server/ Services/ETL /Networking/Security). Design, build, and maintain optimized data pipelines and ETL solutions as business support tools in providing analysis and real-time analytics platforms for critical decision-making, support of data and analytics projects, integrating new sources of data into our central data warehouse to meet business requirements, and experience building and optimizing ‘big data’ architectures for read-and-write performance. Ensure data assets are organized and stored efficiently so that information is high quality, reliable, flexible, and efficient. Manage and enhance to ensure that DWH, Data mart and BI tools work stably through aligned business/ system/ and data processes. Ensure data is accessible to the required personnel to ensure the ease of understanding and access to the data needed to make informed business decisions. Experience with building reports and data visualizations, using data from the data warehouse or other sources and mapping are helpful (but not required) 3. Project Management: The role plays is highly collaborative and, as such, works closely with data analysts, data scientists, and other data consumers within the business. Establishes the documentation of reports, data infrastructure, privacy controls and develops, maintains technical specification documentation, and processes, and effectively manages data systems that have the relevant security. Work with team leads to resolve people problems and projects to ensure maximum productivity. Understand business and technical requirements and constraints to design effective software solutions. Strong stakeholder management and collaboration with them to understand user requirements Effective time management skills, including demonstrated ability to manage and prioritize multiple tasks and projects. Experience working in Agile teams to lead successful digital transformation projects, having mastered Agile principles, practices, and Scrum methodologies 4. Talent Development: Support line manager training and mentor “Junior Data Engineer” Provide training and guidance on new systems and new skills and share knowledge that is being implemented into the team adding to the already Ability to work effectively in teams, in both a lead and support role. Take on research to improve data processing and any implemented frameworks used by our team Experience supporting and working with cross-functional teams in a dynamic environment. Ability to build processes supporting data transformation, data structures, metadata, dependency, and workload management. 5. Direct Manager (Key Relationships): Senior Manager/ Manager, BI&A And other tasks as assigned. Continuous learning and improvement mindset Ability to work long and extended hours as needed Ability to prioritize own time and workload Ability to read, understand, and write code Have teamwork skills, work independently, and self-study. Good number sense, listening, logical thinking, analytical thinking (with keen attention to detail), problem-solving abilities, and communication skills (both written and verbal).",Senior Data Engineer,Hồ Chí Minh,"Yêu Cầu Công Việc Bachelor’s degree (or higher) in Computer Science, Software Engineering or Information Technology, MIS, Economics, Finance, Statistics, Mathematics, or a related field (Financial Services, Banking, Insurance, Securities). At least 3 years experience (typically 5+ years) in Data Engineering and ETL and Analytics tools (R, Python, Pentaho, dbt…) and BI&A Visualization systems (Metabase, Power BI, OBIEE, SAS VA, IBM, Yellowfin, Tableau, Qlik …), and In-depth knowledge of BI technologies, methodologies, and their application like Metabase, PowerBI, Tableau, Looker etc Experience with building data pipelines from various business applications like Salesforce, Marketo, NetSuite, Workday, Odoo,… and databases (MsSQL, Oracle, IBM, SAP, MySQL, AWS Redshift). Experience designing and implementing large-scale distributed data pipelines and working with cloud infrastructure services like AWS/GCP/Azure (preferably AWS), (Big Query, Data Flow, Amazon EKS, EMR, Docker/ECS, and Redshift.) Experience with the LAN or VLAN, and digital organizing tools, like Active Directory Action Network, ActionKit, or Blue State Digital, is a plus (but not required). Experience with big data tools: Hadoop, Spark, Kafka, Spark & Kafka Streaming, Python, Scala, Talend, Azkaban, Luigi, Airflow etc Good at math and Advanced SQL knowledge and experience working with relational databases as well as working familiarity with a variety of databases is a big plus. Good report-writing skills Ability to communicate in English. Benefit: Full social insurance following Vietnamese Law 100% salary during probationary period Personal health and spouse insurance Annual leave, Annual heath-check Professional and Transparent working environment Buying company products at a reduced and with promotional offers",Lương: Cạnh tranh,11-12-2023
Ngân Hàng TMCP Việt Nam Thịnh Vượng - VPBANK,"Mô tả Công việc Phân tích Dữ liệu Xây dựng và phân tích danh mục bán nợ theo chiến lược của ngân hàng và các phân tích kỹ thuật trên các nhóm nợ, sản phẩm tài chính, etc. dựa trên nguồn dữ liệu Data Warehouse của Ngân hàng. Định giá danh mục bán nợ theo phương pháp định giá ban hành bởi khối Tài chính Xác định, phân tích xu hướng và giải quyết các vấn đề phát sinh thông qua các báo cáo định kỳ, báo cáo ad-hoc, dashboard theo dõi thông tin thông qua các chỉ số, bảng dữ liệu, biểu đồ dữ liệu, etc. Vận dụng các kỹ năng và công cụ phân tích, xây dựng các báo cáo kết quả hoạt động và đề xuất kế hoạch kinh doanh hoàn chỉnh để trình lên Ban lãnh đạo và sử dụng cho việc trao đổi với các đối tác mua nợ trong/ngoài nước. Tự động hóa hệ thống Xây dựng Business Requirement Document (BRD): Rà soát, tổng hợp và phân tích nhu cầu xây dựng và phát triển các hệ thống thông tin quản lý hỗ trợ nghiệp vụ xử lý, tra soát và quản lý thông tin bán nợ giúp tiết kiệm nguồn lực và nâng cao hiệu suất, cải thiện dịch vụ hậu mãi cho đối tác mua nợ. UAT các thay đổi nguồn dữ liệu trên Data model khi phát sinh. Làm việc với khối IT trong suốt vòng đời phát triển của hệ thống (Tiếp nhận yêu cầu, Phát triển, Go-live, Bảo trì, etc.)",Chuyên viên Chính Phân tích kinh doanh (Thu hồi nợ) - Hà Nội - TA079,Hà Nội,"Yêu Cầu Công Việc Tốt nghiệp Đại học chuyên ngành Ngoại Thương/Tài chính ngân hàng/Luật/KTQD/ĐH Quốc Gia HN…. hoặc các ĐH nước ngoài liên quan đến kinh tế, phân tích tài chính, phân tích số liệu…; Ngoại ngữ: Tiếng Anh (giao tiếp, viết, nói) ở mức tốt (Làm việc trực tiếp với đối tác thương mại nước ngoài, báo cáo CRO, đối tác ngoại, công việc cần sử dụng Tiếng Anh hàng ngày); Sử dụng thành thạo Excel, SQL Server, Powerpoint Có kinh nghiệm sử dụng Power BI, Power query, Python là một lợi thế. Kỹ năng data story telling Kỹ năng trình bày văn bản, thiết kế slide, thuyết trình (Tiếng Anh, Tiếng Việt) Hiểu biết về các công cụ data như Python, Power BI hoặc các công cụ BI tương tự là điểm cộng Có kinh nghiệm xử lý dữ liệu, làm sạch và làm việc với dữ liệu từ các nguồn, định dạng khác nhau Kỹ năng giao tiếp, thương lượng, đàm phán, giải quyết vấn đề; Cẩn thận, tỉ mỉ, khả năng làm việc dưới áp lực cao; tư duy mở; sáng tạo... Mức thu nhập hấp dẫn và cạnh tranh trong ngành Ngân hàng và Dịch vụ tài chính: Lương thỏa thuận phù hợp theo năng lực; Lương tháng 13 + Thưởng thành tích cuối năm. Phụ cấp ăn trưa, hạn mức taxi, điện thoại... Thưởng thúc đẩy theo Tháng/Quý/Năm theo hiệu quả làm việc. Đảm bảo các quyền lợi theo quy định của Pháp luật và Ngân hàng VPBank: BHXH, BHYT, BHTN theo quy định; khám sức khỏe định kỳ hàng năm. Bảo hiểm sức khỏe VPBank Care (BH tai nạn 24/7, BH sức khỏe AON, BH người thân). 12 ngày nghỉ phép năm/nghỉ chế độ có hưởng lương; Nghỉ Lễ/Tết theo quy định. Du lịch thường niên. Tài khoản VPBank Staff, miễn phí dịch vụ ngân hàng. Vay gắn kết với lãi suất ưu đãi cho CBNV có hiệu quả làm việc tốt. Môi trường làm việc năng động, cơ hội thăng tiến; các khoá đào tạo kỹ năng, chuyên môn nghiệp vụ, kiến thức chuyên ngành; tham gia các hoạt động Văn Thể Mỹ của Ngân hàng VPBank.",Lương: Cạnh tranh,08-12-2023
Ngân Hàng TMCP Sài Gòn - Hà Nội ( SHB ),"Mô tả Công việc 1. Xây dựng, kiểm định, giám sát và triển khai trên hệ thống các mô hình/công cụ đo lường rủi ro tín dụng bao gồm tối thiểu các mô hình sau: Scorecard (A-/B-Card), PD, LGD, EAD theo cấp độ khoản vay/khách hàng/danh mục 2. Xây dựng, kiểm định, giám sát và triển khai trên hệ thống các mô hình/công cụ phân tích kinh doanh nhằm nâng cao hiệu quả hoạt động kinh doanh của NH theo suốt vòng đời tín dụng của khách hàng (Next best product, dự báo khách hàng rời bỏ...) 3. Xây dựng, kiểm định và giám sát các mô hình dự báo các chỉ số phục vụ việc kiểm tra sức chịu đựng phục vụ mục tiêu tuân thủ và quản trị nội bộ của ngân hàng 4. Xây dựng/Điều chỉnh hệ thống chính sách, quy định, quy trình và hướng dẫn có liên quan đến các mô hình rủi ro và phục vụ kinh doanh từ quá trình xây dựng, kiểm định, triển khai hệ thống đến việc ứng dụng kết quả mô hình vào hoạt động kinh doanh 5. Phối hợp với các đơn vị có liên quan trong việc xây dựng/sửa đổi các hệ thống phần mềm, các văn bản để triển khai mô hình đo lường rủi ro 6. Tham gia triển khai các dự án về FIRB, IFRS9, kiểm tra sức chịu đựng … và các dự án khác có liên quan của Ngân hàng trong từng thời kỳ 7. Xây dựng và tổ chức công tác đào tạo về Mô hình rủi ro nhằm nâng cao nhận thức và văn hóa quản lý rủi ro trong toàn hàng 8. Hỗ trợ các thành viên thuộc Phòng các kỹ năng nghiên cứu, phân tích và tổng hợp 9. Hướng dẫn và kiểm soát công việc của CV3, CV2, CV1, CV trong nhóm nhỏ được phân công.",Chuyên viên Phân tích dữ liệu,Hà Nội,"Yêu Cầu Công Việc Tốt nghiệp từ Đại học trở lên, chuyên ngành Toán kinh tế/ Toán/ Toán tin ứng dụng/ Kinh tế/ Ngân hàng/ Tài chính. Kiến thức: - Kỹ thuật, phương pháp luận xây dựng và kiểm định mô hình. - Kiến thức về hệ thông phần mềm của Ngân hàng xuyên suốt quy trình tín dụng của Ngân hàng. - Kiến thức chuyên môn, thông lệ các mô hình rủi ro: nhận diện, đo lường, giám sát, và giảm thiểu rủi ro. - Kiến thức về hệ thống cơ sở dữ liệu và hệ thống báo cáo quản trị của Ngân hàng. Kỹ năng: - Xây dựng và kiểm định mô hình. - Khai thác, xử lý, phân tích dữ liệu bằng các công cụ phần mềm hỗ trợ. - Sử dụng thành thạo các phần mềm văn phòng; - Xây dựng tài liệu yêu cầu người dùng (URD) và tài liệu kiểm thử để xây dựng hệ thống báo cáo; hệ thống CNTT phục vụ mô hình đo lường rủi ro. - Thiết kế xây dựng các báo cáo quản trị thông minh. Kinh nghiệm: - Ít nhất 03 năm kinh nghiệm trong phân tích dữ liệu và 04 năm kinh nghiệm làm việc trong ngành ngân hàng, tài chính - Có kinh nghiệm quản lý và tổ chức cơ sở dữ liệu. - Có kinh nghiệm, cũng như khả năng thực hiện xây dựng Datamart. - Có kiến thức và kinh nghiệm chuyên sâu về xử lý dữ liệu lớn (big data), trí tuệ nhân tạo/máy học/học sâu (AI/Machine learning/Deep learning) - Sử dụng SQL thành thạo, Oracle hoặc Microsoft SQL - Biết sử dụng Python Ưu tiên: Ứng viên có chứng chỉ - Chứng chỉ FRM, - Quản Trị Rủi Ro Và Kiểm Soát Nội Bộ Chuẩn COSO.",Lương: Cạnh tranh,27-11-2023
